, lat, lon,Data Type
0,52.45999590262757,9.687947156105796,Ridge ML
1,52.46004887434613,9.687791501517575,Ridge ML
2,52.46010184606469,9.687635846929352,Ridge ML
3,52.46018130364253,9.687402365047019,Ridge ML
4,52.46020778950181,9.687324537752907,Ridge ML
5,52.46026076122037,9.687168883164684,Ridge ML
6,52.46031373293892,9.687013228576463,Ridge ML
7,52.46036670465748,9.68685757398824,Ridge ML
8,52.46041967637604,9.686701919400017,Ridge ML
9,52.4604726480946,9.686546264811795,Ridge ML
10,52.46052561981316,9.686390610223572,Ridge ML
11,52.46061098850685,9.686139241859628,Ridge ML
12,52.46069635720054,9.685887873495682,Ridge ML
13,52.460781725894215,9.685636505131782,Ridge ML
14,52.46033948626812,9.68694432792284,Ridge ML
15,52.46042485496181,9.686692959558894,Ridge ML
16,52.46051022365548,9.686441591194995,Ridge ML
17,52.46059559234917,9.68619022283105,Ridge ML
18,52.46064856406773,9.686034568242826,Ridge ML
19,52.46070153578629,9.685878913654605,Ridge ML
20,52.460754161431446,9.685724275788855,Ridge ML
21,52.46080540278299,9.685573704813002,Ridge ML
22,52.46085525984091,9.685427200727043,Ridge ML
23,52.460903732605225,9.685284763530978,Ridge ML
24,52.46095082107592,9.685146393224809,Ridge ML
25,52.460996525252995,9.685012089808534,Ridge ML
26,52.461040845136466,9.684881853282155,Ridge ML
27,52.46108378072631,9.68475568364567,Ridge ML
28,52.46112533202255,9.68463358089908,Ridge ML
29,52.461165499025164,9.684515545042386,Ridge ML
30,52.46120428173417,9.684401576075585,Ridge ML
31,52.46124168014956,9.684291673998679,Ridge ML
32,52.46127769427134,9.684185838811668,Ridge ML
33,52.461312324099495,9.684084070514553,Ridge ML
34,52.46134556963404,9.68398636910733,Ridge ML
35,52.46137743087497,9.683892734590005,Ridge ML
36,52.461407907822284,9.683803166962573,Ridge ML
37,52.46143700047598,9.683717666225037,Ridge ML
38,52.46146470883607,9.683636232377395,Ridge ML
39,52.461491032902536,9.683558865419648,Ridge ML
40,52.46151597267539,9.683485565351797,Ridge ML
41,52.46153952815463,9.683416332173838,Ridge ML
42,52.46156169934025,9.683351165885776,Ridge ML
43,52.46158248623226,9.683290066487608,Ridge ML
44,52.461576162080604,9.683308898760073,Ridge ML
45,52.46159487253219,9.683253899696748,Ridge ML
46,52.46161219869016,9.683202967523318,Ridge ML
47,52.46162814055452,9.683156102239781,Ridge ML
48,52.46164269812526,9.68311330384614,Ridge ML
49,52.461655871402385,9.683074572342393,Ridge ML
50,52.46166766038589,9.683039907728542,Ridge ML
51,52.46167806507579,9.683009310004586,Ridge ML
52,52.46168708547207,9.682982779170525,Ridge ML
53,52.46169472157474,9.682960315226358,Ridge ML
54,52.461700973383785,9.682941918172085,Ridge ML
55,52.46170584089922,9.68292758800771,Ridge ML
56,52.461709324121045,9.682917324733227,Ridge ML
57,52.461711423049245,9.682911128348639,Ridge ML
58,52.46171213768384,9.682908998853947,Ridge ML
59,52.461711468024816,9.682910936249149,Ridge ML
60,52.461709414072175,9.682916940534245,Ridge ML
61,52.46169317110998,9.682964630440765,Ridge ML
62,52.46167692814779,9.683012320347283,Ridge ML
63,52.46166068518559,9.683060010253802,Ridge ML
64,52.461644442223395,9.68310770016032,Ridge ML
65,52.461628199261206,9.68315539006684,Ridge ML
66,52.46161195629901,9.683203079973358,Ridge ML
67,52.46159571333681,9.683250769879878,Ridge ML
68,52.46157947037462,9.683298459786396,Ridge ML
69,52.46156322741243,9.683346149692916,Ridge ML
70,52.46154698445023,9.683393839599434,Ridge ML
71,52.46153074148804,9.683441529505954,Ridge ML
72,52.461514498525844,9.683489219412472,Ridge ML
73,52.46149825556365,9.683536909318992,Ridge ML
74,52.46148201260146,9.68358459922551,Ridge ML
75,52.46146576963926,9.68363228913203,Ridge ML
76,52.461449526677065,9.683679979038548,Ridge ML
77,52.461433283714875,9.683727668945068,Ridge ML
78,52.46141704075268,9.683775358851586,Ridge ML
79,52.46140079779048,9.683823048758105,Ridge ML
80,52.46138455482829,9.683870738664623,Ridge ML
81,52.461368311866096,9.683918428571143,Ridge ML
82,52.4613520689039,9.683966118477661,Ridge ML
83,52.46133582594171,9.684013808384181,Ridge ML
84,52.46131958297951,9.6840614982907,Ridge ML
85,52.46130334001732,9.684109188197217,Ridge ML
86,52.46128709705513,9.684156878103737,Ridge ML
87,52.46127085409293,9.684204568010255,Ridge ML
88,52.461254611130734,9.684252257916775,Ridge ML
89,52.461238368168544,9.684299947823293,Ridge ML
90,52.46122212520635,9.684347637729813,Ridge ML
91,52.46120588224415,9.68439532763633,Ridge ML
92,52.46118963928196,9.68444301754285,Ridge ML
93,52.461173396319765,9.684490707449369,Ridge ML
94,52.461157153357576,9.684538397355889,Ridge ML
95,52.46114091039538,9.684586087262407,Ridge ML
96,52.46112466743318,9.684633777168926,Ridge ML
97,52.46110842447099,9.684681467075444,Ridge ML
98,52.461092181508796,9.684729156981964,Ridge ML
99,52.4610759385466,9.684776846888482,Ridge ML
100,52.46105969558441,9.684824536795002,Ridge ML
101,52.461043452622214,9.68487222670152,Ridge ML
102,52.46102720966002,9.68491991660804,Ridge ML
103,52.46101096669783,9.684967606514558,Ridge ML
104,52.46099472373563,9.685015296421078,Ridge ML
105,52.460978480773434,9.685062986327596,Ridge ML
106,52.460962237811245,9.685110676234116,Ridge ML
107,52.46094599484905,9.685158366140634,Ridge ML
108,52.46092975188685,9.685206056047154,Ridge ML
109,52.46091350892466,9.685253745953672,Ridge ML
110,52.460897265962465,9.685301435860191,Ridge ML
111,52.46088102300027,9.68534912576671,Ridge ML
112,52.46086478003808,9.68539681567323,Ridge ML
113,52.46084853707588,9.685444505579747,Ridge ML
114,52.460832294113686,9.685492195486267,Ridge ML
115,52.4608160511515,9.685539885392785,Ridge ML
116,52.4607998081893,9.685587575299305,Ridge ML
117,52.4607835652271,9.685635265205823,Ridge ML
118,52.460767322264914,9.685682955112343,Ridge ML
119,52.46075107930272,9.685730645018861,Ridge ML
120,52.46073483634052,9.68577833492538,Ridge ML
121,52.46071859337833,9.685826024831899,Ridge ML
122,52.460702350416135,9.685873714738419,Ridge ML
123,52.46068610745394,9.685921404644937,Ridge ML
124,52.46066986449175,9.685969094551456,Ridge ML
125,52.46065362152955,9.686016784457975,Ridge ML
126,52.460637378567355,9.686064474364494,Ridge ML
127,52.460621135605166,9.686112164271012,Ridge ML
128,52.46060489264297,9.686159854177532,Ridge ML
129,52.46058864968077,9.68620754408405,Ridge ML
130,52.46057240671858,9.68625523399057,Ridge ML
131,52.46055616375639,9.686302923897088,Ridge ML
132,52.46053992079419,9.686350613803606,Ridge ML
133,52.460523677832,9.686398303710126,Ridge ML
134,52.460507434869804,9.686445993616644,Ridge ML
135,52.46049119190761,9.686493683523164,Ridge ML
136,52.46047494894542,9.686541373429682,Ridge ML
137,52.46045870598322,9.686589063336202,Ridge ML
138,52.46044246302103,9.68663675324272,Ridge ML
139,52.460426220058835,9.68668444314924,Ridge ML
140,52.46040997709664,9.686732133055758,Ridge ML
141,52.46039373413445,9.686779822962277,Ridge ML
142,52.46037749117225,9.686827512868796,Ridge ML
143,52.460361248210056,9.686875202775315,Ridge ML
144,52.460345005247866,9.686922892681833,Ridge ML
145,52.46032876228567,9.686970582588353,Ridge ML
146,52.46031251932347,9.687018272494871,Ridge ML
147,52.460296276361284,9.687065962401391,Ridge ML
148,52.46028003339909,9.687113652307909,Ridge ML
149,52.46026379043689,9.687161342214429,Ridge ML
150,52.4602475474747,9.687209032120947,Ridge ML
151,52.460231304512504,9.687256722027467,Ridge ML
152,52.46021506155031,9.687304411933985,Ridge ML
153,52.46019881858812,9.687352101840505,Ridge ML
154,52.46018257562592,9.687399791747023,Ridge ML
155,52.460166332663725,9.687447481653543,Ridge ML
156,52.460150089701536,9.68749517156006,Ridge ML
157,52.46013384673934,9.68754286146658,Ridge ML
158,52.46011760377714,9.687590551373098,Ridge ML
159,52.46010136081495,9.687638241279618,Ridge ML
160,52.460085117852756,9.687685931186136,Ridge ML
161,52.46006887489056,9.687733621092656,Ridge ML
162,52.46005263192837,9.687781310999174,Ridge ML
163,52.460036388966174,9.687829000905694,Ridge ML
164,52.46002014600398,9.687876690812212,Ridge ML
165,52.46019922984538,9.687328586998477,Ridge ML
166,52.46038253348484,9.686783795213888,Ridge ML
167,52.46039138789595,9.68677710059504,Ridge ML
168,52.460418856353606,9.686693054502411,Ridge ML
169,52.46044571996008,9.686609814044823,Ridge ML
170,52.460471978725906,9.686527379190975,Ridge ML
171,52.46049763264057,9.68644574997212,Ridge ML
172,52.460522681714195,9.686364926356642,Ridge ML
173,52.46054712594355,9.686284908355171,Ridge ML
174,52.460570965335094,9.68620569594645,Ridge ML
175,52.46059419988562,9.68612728914106,Ridge ML
176,52.46061682960523,9.686049687907435,Ridge ML
177,52.460638854483435,9.685972892276732,Ridge ML
178,52.46066027453072,9.68589690221784,Ridge ML
179,52.460681089746714,9.685821717730256,Ridge ML
180,52.46070130013828,9.685747338793133,Ridge ML
181,52.460720905693506,9.685673765443129,Ridge ML
182,52.460739906427584,9.685600997632818,Ridge ML
183,52.46075830234047,9.685529035362295,Ridge ML
184,52.46077609342533,9.685457878652407,Ridge ML
185,52.46079327969732,9.685387527455825,Ridge ML
186,52.460809861144526,9.685317981809204,Ridge ML
187,52.46082583777201,9.685249241696736,Ridge ML
188,52.46084120959169,9.685181307081766,Ridge ML
189,52.46085597659308,9.68511417799541,Ridge ML
190,52.46087013878485,9.685047854411685,Ridge ML
191,52.46088369616846,9.684982336324959,Ridge ML
192,52.460902898226394,9.684885569509225,Ridge ML
193,52.46091494359391,9.68482206515205,Ridge ML
194,52.460926384156515,9.684759366281245,Ridge ML
195,52.46093721991421,9.684697472896763,Ridge ML
196,52.46094745087526,9.684636384972217,Ridge ML
197,52.46095707703829,9.684576102513054,Ridge ML
198,52.46096609840288,9.684516625518913,Ridge ML
199,52.460974514969045,9.684457953989796,Ridge ML
200,52.46098232674872,9.684400087888951,Ridge ML
201,52.46098953373504,9.684343027237274,Ridge ML
202,52.46099613593306,9.684286772019005,Ridge ML
203,52.46100213334602,9.68423132222347,Ridge ML
204,52.461007525967055,9.684176677871607,Ridge ML
205,52.46101231380809,9.68412283892667,Ridge ML
206,52.46101649686732,9.684069805393795,Ridge ML
207,52.46102007514476,9.68401757727293,Ridge ML
208,52.46102304864364,9.68396615455345,Ridge ML
209,52.461025417370834,9.683915537214416,Ridge ML
210,52.46102718131584,9.683865725287033,Ridge ML
211,52.461028340489186,9.683816718740047,Ridge ML
212,52.46102889489551,9.683768517557336,Ridge ML
213,52.461028844526545,9.683721121765291,Ridge ML
214,52.461028189390575,9.683674531337475,Ridge ML
215,52.461026929492675,9.683628746258082,Ridge ML
216,52.46102506482597,9.683583766548002,Ridge ML
217,52.461022595402376,9.683539592170586,Ridge ML
218,52.46101952121323,9.683496223151812,Ridge ML
219,52.461015842265404,9.683453659470784,Ridge ML
220,52.461011558562134,9.68341190111683,Ridge ML
221,52.461006670101625,9.683370948095037,Ridge ML
222,52.46100117688566,9.683330800400364,Ridge ML
223,52.46099507892258,9.683291458006238,Ridge ML
224,52.460988376207304,9.68325292092851,Ridge ML
225,52.46098106874634,9.683215189145834,Ridge ML
226,52.460973156538245,9.68317826266375,Ridge ML
227,52.46096463957941,9.68314214149248,Ridge ML
228,52.4609555178868,9.683106825579557,Ridge ML
229,52.4609457914467,9.683072314966774,Ridge ML
230,52.460935460271024,9.683038609617427,Ridge ML
231,52.460924524352905,9.683005709552457,Ridge ML
232,52.46091298370067,9.682973614745338,Ridge ML
233,52.46090083831609,9.682942325191027,Ridge ML
234,52.460888088202466,9.682911840878756,Ridge ML
235,52.46087473335469,9.682882161824383,Ridge ML
236,52.46086077377604,9.682853288017231,Ridge ML
237,52.46084620947662,9.682825219425684,Ridge ML
238,52.460831040444525,9.682797956086448,Ridge ML
239,52.46081526669672,9.68277149794701,Ridge ML
240,52.46079888822452,9.682745845033493,Ridge ML
241,52.46078190502975,9.682720997340668,Ridge ML
242,52.46076431712254,9.682696954836924,Ridge ML
243,52.46074612449418,9.682673717548424,Ridge ML
244,52.46072732715482,9.682651285443463,Ridge ML
245,52.46070792509936,9.682629658537941,Ridge ML
246,52.46068791833979,9.682608836795014,Ridge ML
247,52.460667306865574,9.682588820245893,Ridge ML
248,52.460646090685394,9.682569608864595,Ridge ML
249,52.4606242698007,9.682551202645534,Ridge ML
250,52.46060184421149,9.682533601588663,Ridge ML
251,52.46057881391777,9.682516805694029,Ridge ML
252,52.46055517892459,9.682500814945822,Ridge ML
253,52.4605309392352,9.68248562933337,Ridge ML
254,52.46050609484961,9.682471248856626,Ridge ML
255,52.46048064577106,9.68245767350501,Ridge ML
256,52.46045459199449,9.682444903294236,Ridge ML
257,52.46042793353003,9.682432938192735,Ridge ML
258,52.460400670377666,9.682421778200506,Ridge ML
259,52.46037280253884,9.68241142331201,Ridge ML
260,52.46034433001032,9.682401873537874,Ridge ML
261,52.46031525279714,9.682393128862383,Ridge ML
262,52.46028557090581,9.682385189264098,Ridge ML
263,52.46025528433309,9.682378054753737,Ridge ML
264,52.46022439307715,9.682371725336434,Ridge ML
265,52.46019289714813,9.682366200980528,Ridge ML
266,52.4601607965442,9.682361481691247,Ridge ML
267,52.460128091267194,9.682357567463361,Ridge ML
268,52.46009478131853,9.682354458291378,Ridge ML
269,52.460060866700026,9.682352154170166,Ridge ML
270,52.460026347409865,9.682350655104855,Ridge ML
271,52.45999122345636,9.682349961068965,Ridge ML
272,52.45995549484134,9.682350072057318,Ridge ML
273,52.459919161562965,9.682350988075138,Ridge ML
274,52.45988222361944,9.682352709127464,Ridge ML
275,52.459844681022695,9.682355235177598,Ridge ML
276,52.45980653376406,9.682358566251565,Ridge ML
277,52.459767781850374,9.68236270232852,Ridge ML
278,52.4597284252849,9.68236764339774,Ridge ML
279,52.45968846406766,9.682373389459178,Ridge ML
280,52.45964789819863,9.682379940512881,Ridge ML
281,52.45960672767925,9.68238729655331,Ridge ML
282,52.4595649525164,9.682395457559522,Ridge ML
283,52.45952257271009,9.682404423531471,Ridge ML
284,52.459528038533186,9.6822718533332,Ridge ML
285,52.459553664125366,9.682079084725762,Ridge ML
286,52.45957868507732,9.681887121073434,Ridge ML
287,52.45960310138541,9.681695962386481,Ridge ML
288,52.4596269130616,9.681505608628157,Ridge ML
289,52.459650120104065,9.68131605980355,Ridge ML
290,52.45967272251279,9.68112731591275,Ridge ML
291,52.45969472029105,9.68093937694499,Ridge ML
292,52.4597161134457,9.680752242879377,Ridge ML
293,52.459736901968064,9.680565913741987,Ridge ML
294,52.45975708587007,9.680380389496067,Ridge ML
295,52.45977666514303,9.680195670167695,Ridge ML
296,52.45979563980071,9.680011755714942,Ridge ML
297,52.45981400983258,9.679828646169108,Ridge ML
298,52.45983177524736,9.679646341504027,Ridge ML
299,52.45984893605152,9.679464841698394,Ridge ML
300,52.459865492234954,9.679284146783829,Ridge ML
301,52.45988144380959,9.679104256723578,Ridge ML
302,52.45989679077,9.678925171533,Ridge ML
303,52.45991153312485,9.67874689118611,Ridge ML
304,52.45992567087236,9.678569415687951,Ridge ML
305,52.45993920401069,9.678392745043702,Ridge ML
306,52.459952132549965,9.678216879221747,Ridge ML
307,52.459964456485125,9.678041818237894,Ridge ML
308,52.45997617581943,9.677867562081468,Ridge ML
309,52.45998729055794,9.677694110736617,Ridge ML
310,52.45999780069884,9.677521464208521,Ridge ML
311,52.460007706243914,9.677349622492091,Ridge ML
312,52.460017007196456,9.677178585576561,Ridge ML
313,52.46002570355969,9.677008353451305,Ridge ML
314,52.46003379533037,9.676838926126994,Ridge ML
315,52.46004128251501,9.676670303582235,Ridge ML
316,52.46004816511539,9.676502485811987,Ridge ML
317,52.46005444312973,9.676335472821291,Ridge ML
318,52.46006011656631,9.67616926458376,Ridge ML
319,52.460065185416845,9.676003861125778,Ridge ML
320,52.460069649689636,9.675839262420915,Ridge ML
321,52.46007350938793,9.675675468458493,Ridge ML
322,52.46007676451356,9.675512479233335,Ridge ML
323,52.4600794150596,9.675350294766474,Ridge ML
324,52.460081461039486,9.675188915015527,Ridge ML
325,52.4600829024481,9.675028339996395,Ridge ML
326,52.46008373928729,9.674868569703852,Ridge ML
327,52.46008397156174,9.67470960412173,Ridge ML
328,52.46008359926999,9.674551443255568,Ridge ML
329,52.460082622418554,9.67439408708402,Ridge ML
330,52.46008104100419,9.674237535617758,Ridge ML
331,52.46007885503014,9.674081788846063,Ridge ML
332,52.46007606450145,9.67392684675322,Ridge ML
333,52.460072669416334,9.67377270934427,Ridge ML
334,52.46006866977803,9.673619376608583,Ridge ML
335,52.46006406559016,9.673466848535895,Ridge ML
336,52.460058856847276,9.673315125141606,Ridge ML
337,52.46005304356133,9.673164206388966,Ridge ML
338,52.46004662572725,9.673014092293784,Ridge ML
339,52.46003960334829,9.672864782845384,Ridge ML
340,52.46003197642447,9.67271627804372,Ridge ML
341,52.46002374496406,9.672568577862407,Ridge ML
342,52.459988600170625,9.672499105412609,Ridge ML
343,52.459933972566915,9.672486734397589,Ridge ML
344,52.459879344963014,9.672474363382847,Ridge ML
345,52.459824717359304,9.672461992367829,Ridge ML
346,52.45977008975542,9.672449621353039,Ridge ML
347,52.45971546214648,9.672437250354058,Ridge ML
348,52.45966083454275,9.672424879339085,Ridge ML
349,52.459606206938865,9.672412508324296,Ridge ML
350,52.45955157933334,9.67240013731441,Ridge ML
351,52.45949695172945,9.672387766299668,Ridge ML
352,52.45944232412556,9.67237539528488,Ridge ML
353,52.45938769652184,9.672363024269908,Ridge ML
354,52.45933306892119,9.672350653244491,Ridge ML
355,52.45927844131748,9.672338282229472,Ridge ML
356,52.45922381371358,9.67232591121473,Ridge ML
357,52.459169186107864,9.67231354020512,Ridge ML
358,52.45911455850414,9.672301169190147,Ridge ML
359,52.45905993090351,9.672288798164685,Ridge ML
360,52.45900530329978,9.672276427149713,Ridge ML
361,52.45895067569407,9.672264056140104,Ridge ML
362,52.458896048093415,9.672251685114688,Ridge ML
363,52.45884142048969,9.672239314099714,Ridge ML
364,52.45878679288904,9.672226943074298,Ridge ML
365,52.458732165283315,9.672214572064737,Ridge ML
366,52.45867753768465,9.672202201033956,Ridge ML
367,52.458622910084,9.672189830008541,Ridge ML
368,52.45856828247846,9.672177458998702,Ridge ML
369,52.4585136548778,9.672165087973331,Ridge ML
370,52.458459027277144,9.672152716947915,Ridge ML
371,52.45840439967665,9.672140345922315,Ridge ML
372,52.45834977207094,9.672127974912707,Ridge ML
373,52.45829514447045,9.672115603887107,Ridge ML
374,52.45824051686978,9.672103232861739,Ridge ML
375,52.458185889272364,9.672090861825694,Ridge ML
376,52.45813126167189,9.672078490800049,Ridge ML
377,52.45807663407122,9.672066119774678,Ridge ML
378,52.458022006468916,9.672053748754212,Ridge ML
379,52.45796737886825,9.672041377728842,Ridge ML
380,52.45791275127263,9.672029006687712,Ridge ML
381,52.45785812367032,9.672016635667246,Ridge ML
382,52.457803496072906,9.672004264631203,Ridge ML
383,52.45774886847239,9.67199189360565,Ridge ML
384,52.45769424087498,9.671979522569606,Ridge ML
385,52.45763961327754,9.67196715153361,Ridge ML
386,52.45758498567524,9.671954780513143,Ridge ML
387,52.457530358079616,9.671942409472013,Ridge ML
388,52.45747573048236,9.671930038435786,Ridge ML
389,52.45742110288492,9.67191766739979,Ridge ML
390,52.457366475285674,9.671905296368926,Ridge ML
391,52.457311847688416,9.671892925332699,Ridge ML
392,52.45725722009605,9.671880554280895,Ridge ML
393,52.45720259249877,9.671868183244715,Ridge ML
394,52.45714796489952,9.67185581221385,Ridge ML
395,52.457093337307136,9.671843441162094,Ridge ML
396,52.457038709713125,9.671831070115193,Ridge ML
397,52.456984082115675,9.671818699079243,Ridge ML
398,52.45692945452165,9.671806328032389,Ridge ML
399,52.45687482692745,9.671793956985764,Ridge ML
400,52.456820199333244,9.67178158593914,Ridge ML
401,52.456765571739204,9.671769214892333,Ridge ML
402,52.456710944145,9.671756843845708,Ridge ML
403,52.45665631655602,9.671744472783093,Ridge ML
404,52.45660168896182,9.67173210173647,Ridge ML
405,52.45654706137085,9.671719730679218,Ridge ML
406,52.45649243378187,9.671707359616603,Ridge ML
407,52.45643780618584,9.67169498857516,Ridge ML
408,52.456383178596845,9.671682617512591,Ridge ML
409,52.456328551010934,9.671670246439533,Ridge ML
410,52.45627392341995,9.671657875382328,Ridge ML
411,52.45621929582916,9.671645504324847,Ridge ML
412,52.45616466824323,9.671633133251834,Ridge ML
413,52.456110040652234,9.671620762194676,Ridge ML
414,52.456055413064675,9.671608391126568,Ridge ML
415,52.45600078547875,9.671596020053556,Ridge ML
416,52.455946157896236,9.671583648969687,Ridge ML
417,52.455891530308485,9.671571277901855,Ridge ML
418,52.45583690272761,9.671558906813083,Ridge ML
419,52.455782275138205,9.6715465357502,Ridge ML
420,52.45572764755551,9.67153416466656,Ridge ML
421,52.455673019972984,9.671521793582738,Ridge ML
422,52.455618392393525,9.671509422488471,Ridge ML
423,52.45556376481082,9.671497051404879,Ridge ML
424,52.45550913723152,9.67148468031043,Ridge ML
425,52.45545450965205,9.67147230921621,Ridge ML
426,52.455399882070935,9.671459938126892,Ridge ML
427,52.45534525449653,9.671447567016866,Ridge ML
428,52.45529062692029,9.671435195912018,Ridge ML
429,52.45523599934422,9.67142282480694,Ridge ML
430,52.455181371767964,9.67141045370214,Ridge ML
431,52.45512674419696,9.671398082581256,Ridge ML
432,52.455072116620705,9.671385711476455,Ridge ML
433,52.45501748905274,9.671373340345221,Ridge ML
434,52.4549628614799,9.671360969229562,Ridge ML
435,52.454908233910125,9.671348598103462,Ridge ML
436,52.45485360634233,9.671336226971995,Ridge ML
437,52.45479897877759,9.671323855830181,Ridge ML
438,52.45474435121287,9.671311484688317,Ridge ML
439,52.45468972364648,9.671299113551406,Ridge ML
440,52.45463509608497,9.671286742398962,Ridge ML
441,52.45458046852869,9.671274371230483,Ridge ML
442,52.45452584096718,9.67126200007804,Ridge ML
443,52.45447121341397,9.671249628899162,Ridge ML
444,52.45441658585909,9.671237257725235,Ridge ML
445,52.454361958305846,9.671224886546451,Ridge ML
446,52.454307330754204,9.671212515361896,Ridge ML
447,52.45425270320926,9.671200144156677,Ridge ML
448,52.45419807566249,9.671187772956591,Ridge ML
449,52.45414344811911,9.671175401745696,Ridge ML
450,52.45408882057881,9.671163030524356,Ridge ML
451,52.45403419304048,9.671150659297698,Ridge ML
452,52.453979565508455,9.67113828804997,Ridge ML
453,52.4539249379764,9.671125916802337,Ridge ML
454,52.45387031044777,9.671113545543799,Ridge ML
455,52.45381568292725,9.671101174259102,Ridge ML
456,52.45376105540507,9.671088802979355,Ridge ML
457,52.45370642789282,9.67107643166827,Ridge ML
458,52.45365180038198,9.671064060351739,Ridge ML
459,52.45359717287454,9.67105168902435,Ridge ML
460,52.453542545377005,9.671039317665718,Ridge ML
461,52.45348791788413,9.671026946290917,Ridge ML
462,52.45343329040152,9.67101457488441,Ridge ML
463,52.453378662925196,9.67100220345688,Ridge ML
464,52.45332403545551,9.670989832007864,Ridge ML
465,52.45326940799715,9.670977460522112,Ridge ML
466,52.45321478054523,9.67096508901515,Ridge ML
467,52.453160153108236,9.670952717460317,Ridge ML
468,52.453105525687626,9.670940345852937,Ridge ML
469,52.453050898280104,9.670927974202865,Ridge ML
470,52.45299627089037,9.6709156024948,Ridge ML
471,52.4529416435287,9.670903230696943,Ridge ML
472,52.45288701618838,9.6708908588301,Ridge ML
473,52.45283238888566,9.670878486841769,Ridge ML
474,52.45290335502967,9.670460173928468,Ridge ML
475,52.452972996183505,9.670045873962309,Ridge ML
476,52.45304130645654,9.669635605989365,Ridge ML
477,52.45310828000814,9.669229388903855,Ridge ML
478,52.4531739110695,9.668827241381146,Ridge ML
479,52.45323819393154,9.668429181918262,Ridge ML
480,52.45330112294277,9.668035228834935,Ridge ML
481,52.45336269253327,9.667645400204464,Ridge ML
482,52.453422897181646,9.667259713953968,Ridge ML
483,52.45348173143296,9.66687818780698,Ridge ML
484,52.4535391899035,9.666500839271569,Ridge ML
485,52.45359526726793,9.666127685679342,Ridge ML
486,52.45364995827666,9.665758744130457,Ridge ML
487,52.45370325772537,9.665394031589566,Ridge ML
488,52.453755160495014,9.665033564760048,Ridge ML
489,52.453805661527284,9.664677360161026,Ridge ML
490,52.453854755824025,9.664325434130024,Ridge ML
491,52.45390243845923,9.66397780278339,Ridge ML
492,52.45388459275943,9.663844818685211,Ridge ML
493,52.453829959879904,9.663832464060674,Ridge ML
494,52.45377532700239,9.663820109430725,Ridge ML
495,52.45372069412793,9.663807754790378,Ridge ML
496,52.453666061248406,9.66379540016584,Ridge ML
497,52.453611428375936,9.66378304552013,Ridge ML
498,52.45355679549641,9.663770690895593,Ridge ML
499,52.45350216262213,9.663758336255016,Ridge ML
500,52.453447529742604,9.663745981630477,Ridge ML
501,52.453392896868145,9.663733626990131,Ridge ML
502,52.45333826399386,9.663721272349555,Ridge ML
503,52.453283631114324,9.663708917725064,Ridge ML
504,52.453228998240036,9.663696563084487,Ridge ML
505,52.45317436536558,9.663684208444142,Ridge ML
506,52.4531197324911,9.663671853803843,Ridge ML
507,52.4530650996168,9.663659499163312,Ridge ML
508,52.45301046674052,9.6636471445281,Ridge ML
509,52.45295583386605,9.663634789887801,Ridge ML
510,52.45290120099175,9.663622435247271,Ridge ML
511,52.45284656812052,9.6636100805963,Ridge ML
512,52.45279193524622,9.66359772595577,Ridge ML
513,52.45273730236993,9.663585371320604,Ridge ML
514,52.45268266949871,9.66357301666963,Ridge ML
515,52.45262803662257,9.663560662034282,Ridge ML
516,52.452573403751344,9.663548307383309,Ridge ML
517,52.452518770880275,9.663535952732152,Ridge ML
518,52.45246413800399,9.663523598096985,Ridge ML
519,52.45240950513274,9.66351124344606,Ridge ML
520,52.45235487226167,9.663498888794903,Ridge ML
521,52.45230023939043,9.663486534143976,Ridge ML
522,52.45224560651755,9.663474179497953,Ridge ML
523,52.4521909736463,9.663461824847026,Ridge ML
524,52.452136340778296,9.663449470185473,Ridge ML
525,52.452081707905414,9.66343711553945,Ridge ML
526,52.4520270750374,9.663424760877897,Ridge ML
527,52.45197244216633,9.663412406226739,Ridge ML
528,52.45191780929651,9.663400051570319,Ridge ML
529,52.451863176428496,9.663387696908766,Ridge ML
530,52.451808543560645,9.663375342247027,Ridge ML
531,52.45175391069264,9.663362987585474,Ridge ML
532,52.45169927782297,9.663350632928871,Ridge ML
533,52.45164464495315,9.66333827827245,Ridge ML
534,52.45159001208837,9.663325923600269,Ridge ML
535,52.451535379218704,9.663313568943666,Ridge ML
536,52.45148074635391,9.66330121427153,Ridge ML
537,52.451426113489305,9.66328885959912,Ridge ML
538,52.45137148062451,9.663276504926985,Ridge ML
539,52.4513168477579,9.663264150259986,Ridge ML
540,52.45126221489653,9.663251795576947,Ridge ML
541,52.45120758202992,9.663239440909946,Ridge ML
542,52.45115294916854,9.663227086226954,Ridge ML
543,52.451098316306975,9.663214731544192,Ridge ML
544,52.4510436834436,9.663202376866565,Ridge ML
545,52.450989050580404,9.663190022188706,Ridge ML
546,52.450934417722074,9.663177667495317,Ridge ML
547,52.450879784863915,9.663165312801699,Ridge ML
548,52.45082515200559,9.66315295810831,Ridge ML
549,52.450770519145436,9.663140603420102,Ridge ML
550,52.45071588629051,9.663128248715855,Ridge ML
551,52.45066125343541,9.663115894011838,Ridge ML
552,52.45060662057866,9.663103539312774,Ridge ML
553,52.45055198772174,9.663091184613936,Ridge ML
554,52.45049735486986,9.66307882989934,Ridge ML
555,52.45044272201815,9.663066475184513,Ridge ML
556,52.45038808916952,9.663054120459243,Ridge ML
557,52.450333456319065,9.663041765739152,Ridge ML
558,52.450278823470576,9.663029411013746,Ridge ML
559,52.450224190625164,9.663017056277894,Ridge ML
560,52.45016955777811,9.663004701546946,Ridge ML
561,52.45011492493591,9.662992346800515,Ridge ML
562,52.4500602920919,9.662979992059217,Ridge ML
563,52.45000565925311,9.662967637301927,Ridge ML
564,52.44995102641415,9.662955282544868,Ridge ML
565,52.44989639357677,9.662942927782085,Ridge ML
566,52.449841760744256,9.662930573003818,Ridge ML
567,52.449787127914995,9.662918218214879,Ridge ML
568,52.44973249508588,9.662905863425754,Ridge ML
569,52.44967786225983,9.662893508626233,Ridge ML
570,52.44962322943536,9.662881153821035,Ridge ML
571,52.44956859661576,9.662868799000305,Ridge ML
572,52.449513963802644,9.662856444158274,Ridge ML
573,52.44945933098967,9.662844089316108,Ridge ML
574,52.44940469818298,9.662831734452917,Ridge ML
575,52.44935006538293,9.66281937956824,Ridge ML
576,52.44929543258593,9.662807024673214,Ridge ML
577,52.44924079979539,9.662794669756932,Ridge ML
578,52.44918616701471,9.662782314808586,Ridge ML
579,52.449131534242134,9.662769959834083,Ridge ML
580,52.44907690147758,9.662757604832693,Ridge ML
581,52.44902226872254,9.6627452497997,Ridge ML
582,52.448967635985476,9.662732894708435,Ridge ML
583,52.44891300325966,9.66272053957966,Ridge ML
584,52.44885837055809,9.662708184371683,Ridge ML
585,52.448803737879295,9.662695829089179,Ridge ML
586,52.44874910523443,9.662683473695592,Ridge ML
587,52.44869447263151,9.662671118164084,Ridge ML
588,52.44858911156921,9.662825097899272,Ridge ML
589,52.448431960663555,9.66314864255148,Ridge ML
590,52.44827339870591,9.663476479893806,Ridge ML
591,52.44811343063039,9.663808593783653,Ridge ML
592,52.44795206143901,9.664144967873867,Ridge ML
593,52.44778929619708,9.664485585623288,Ridge ML
594,52.44762514004684,9.664830430255957,Ridge ML
595,52.447459598181574,9.66517948484369,Ridge ML
596,52.44729267587274,9.665532732218196,Ridge ML
597,52.44712437844734,9.665890155042964,Ridge ML
598,52.447020213701585,9.666038847203891,Ridge ML
599,52.446965583645216,9.666026483792416,Ridge ML
600,52.44691095358198,9.666014120401883,Ridge ML
601,52.44685632352395,9.666001756995358,Ridge ML
602,52.446801693467584,9.665989393583883,Ridge ML
603,52.446747063404516,9.66597703019312,Ridge ML
604,52.44669243334632,9.665964666786826,Ridge ML
605,52.44663780328813,9.665952303380532,Ridge ML
606,52.446583173230124,9.66593993997396,Ridge ML
607,52.44652854317011,9.6659275765728,Ridge ML
608,52.446473913112094,9.665915213166276,Ridge ML
609,52.44641928305896,9.665902849744173,Ridge ML
610,52.44636465299895,9.665890486343013,Ridge ML
611,52.44631002294597,9.665878122920727,Ridge ML
612,52.446255392885966,9.665865759519566,Ridge ML
613,52.446200762831175,9.665853396102415,Ridge ML
614,52.44614613277804,9.665841032680312,Ridge ML
615,52.44609150271802,9.665828669279199,Ridge ML
616,52.44603687266323,9.665816305862046,Ridge ML
617,52.445982242613326,9.665803942429317,Ridge ML
618,52.44592761255672,9.665791579017299,Ridge ML
619,52.44587298250175,9.665779215600425,Ridge ML
620,52.445818352451845,9.665766852167696,Ridge ML
621,52.44576372239523,9.665754488755724,Ridge ML
622,52.44570909234349,9.665742125328174,Ridge ML
623,52.44565446229194,9.665729761900396,Ridge ML
624,52.445599832240205,9.665717398472847,Ridge ML
625,52.44554520218846,9.665705035045345,Ridge ML
626,52.44549057214195,9.665692671601805,Ridge ML
627,52.44543594209022,9.665680308174256,Ridge ML
628,52.445381312041896,9.66566794473585,Ridge ML
629,52.445326681993386,9.66565558129772,Ridge ML
630,52.4452720519467,9.665643217854411,Ridge ML
631,52.44521742189836,9.665630854416051,Ridge ML
632,52.445162791848034,9.665618490983055,Ridge ML
633,52.445108161804754,9.66560612752889,Ridge ML
634,52.44505353175948,9.665593764080132,Ridge ML
635,52.444998901716026,9.665581400626195,Ridge ML
636,52.44494427167092,9.665569037177209,Ridge ML
637,52.44488964163068,9.665556673712691,Ridge ML
638,52.44483501158882,9.66554431025303,Ridge ML
639,52.44478038154859,9.665531946788512,Ridge ML
640,52.44472575150654,9.665519583329129,Ridge ML
641,52.44467112146971,9.665507219853755,Ridge ML
642,52.44461649142583,9.66549485639955,Ridge ML
643,52.44456186139407,9.665482492908367,Ridge ML
644,52.44450723135524,9.665470129438404,Ridge ML
645,52.44445260132147,9.665457765952631,Ridge ML
646,52.444397971286044,9.665445402471809,Ridge ML
647,52.44434334125551,9.66543303897541,Ridge ML
648,52.44428871122497,9.66542067547901,Ridge ML
649,52.444234081194594,9.665408311982429,Ridge ML
650,52.44417945116727,9.66539594847545,Ridge ML
651,52.44412482114013,9.66538358496824,Ridge ML
652,52.44407019111604,9.665371221450632,Ridge ML
653,52.44401556109195,9.665358857933025,Ridge ML
654,52.443960931071274,9.665346494404561,Ridge ML
655,52.44390630105042,9.665334130876326,Ridge ML
656,52.44385167103295,9.665321767337282,Ridge ML
657,52.44379704102038,9.66530940378266,Ridge ML
658,52.44374241100779,9.665297040228085,Ridge ML
659,52.44368778099679,9.665284676667785,Ridge ML
660,52.443633150990664,9.665272313091954,Ridge ML
661,52.44363579972903,9.665073708808052,Ridge ML
662,52.44369469893091,9.664691985464351,Ridge ML
663,52.44375222259883,9.664314438928397,Ridge ML
664,52.44380836541625,9.663941086504625,Ridge ML
665,52.4438631221179,9.663571945341303,Ridge ML
666,52.44391648750793,9.663207032376373,Ridge ML
667,52.443968456460404,9.662846364334158,Ridge ML
668,52.44401902391362,9.66248995774468,Ridge ML
669,52.44406818486446,9.662137828960226,Ridge ML
670,52.44411593438177,9.661789994113947,Ridge ML
671,52.444162267610274,9.661446469107464,Ridge ML
672,52.44420717974761,9.661107269681283,Ridge ML
673,52.44425066605562,9.660772411381616,Ridge ML
674,52.44429272188376,9.660441909487584,Ridge ML
675,52.44433334263595,9.660115779111463,Ridge ML
676,52.4443725237787,9.659794035176146,Ridge ML
677,52.444410260846595,9.659476692396035,Ridge ML
678,52.44444654946413,9.659163765212615,Ridge ML
679,52.444481385298495,9.658855267936177,Ridge ML
680,52.444514764100695,9.658551214621289,Ridge ML
681,52.44454668167418,9.658251619164734,Ridge ML
682,52.444577133912176,9.657956495186047,Ridge ML
683,52.44460611677068,9.657665856116004,Ridge ML
684,52.44463362625527,9.657379715233258,Ridge ML
685,52.444659658477384,9.657098085492366,Ridge ML
686,52.444684209581744,9.656820979747392,Ridge ML
687,52.44470727581187,9.65654841054952,Ridge ML
688,52.444728853459985,9.65628039030252,Ridge ML
689,52.44474893890546,9.656016931142794,Ridge ML
690,52.44476752858401,9.655758045034728,Ridge ML
691,52.44478461901415,9.655503743690092,Ridge ML
692,52.44480020677199,9.655254038643374,Ridge ML
693,52.44481428851302,9.655008941187347,Ridge ML
694,52.44482686096985,9.654768462378895,Ridge ML
695,52.44483792093279,9.654532613097391,Ridge ML
696,52.444847465274826,9.65430140396982,Ridge ML
697,52.444855490932255,9.65407484542916,Ridge ML
698,52.44486199492158,9.653852947662916,Ridge ML
699,52.4448669743128,9.653635720694878,Ridge ML
700,52.44487042627618,9.65342317424037,Ridge ML
701,52.44487234803244,9.653215317862303,Ridge ML
702,52.44487273688227,9.653012160876616,Ridge ML
703,52.44487159019821,9.652813712380265,Ridge ML
704,52.44486890541968,9.652619981264241,Ridge ML
705,52.444864680071234,9.652430976158351,Ridge ML
706,52.444858911741186,9.652246705497845,Ridge ML
707,52.444851598089535,9.652067177497432,Ridge ML
708,52.44484273685607,9.651892400125952,Ridge ML
709,52.44483232584459,9.651722381157313,Ridge ML
710,52.444820362935275,9.651557128130452,Ridge ML
711,52.44480684609386,9.651396648320842,Ridge ML
712,52.444791773339254,9.651240948841556,Ridge ML
713,52.44477514277704,9.651090036538855,Ridge ML
714,52.44475695258333,9.650943918042723,Ridge ML
715,52.44473720100519,9.650802599763574,Ridge ML
716,52.44471588636905,9.65066608787011,Ridge ML
717,52.44469300706939,9.650534388320805,Ridge ML
718,52.44466856157685,9.65040750683853,Ridge ML
719,52.44464254843295,9.650285448930285,Ridge ML
720,52.44460876287842,9.650192380766791,Ridge ML
721,52.444554118737564,9.650180061734963,Ridge ML
722,52.44449947459507,9.650167742708037,Ridge ML
723,52.44444483045746,9.650155423665534,Ridge ML
724,52.44439018631678,9.650143104633477,Ridge ML
725,52.444335542174116,9.650130785606782,Ridge ML
726,52.44428089803143,9.650118466580134,Ridge ML
727,52.444226253894,9.650106147537402,Ridge ML
728,52.44417160975314,9.650093828505574,Ridge ML
729,52.44411696561065,9.650081509478648,Ridge ML
730,52.44406232146798,9.650069190451953,Ridge ML
731,52.44400767733036,9.650056871409497,Ridge ML
732,52.44395303318786,9.650044552382573,Ridge ML
733,52.44389838904701,9.650032233350744,Ridge ML
734,52.44384374490958,9.650019914308011,Ridge ML
735,52.44378910076689,9.650007595281362,Ridge ML
736,52.44373445662423,9.649995276254668,Ridge ML
737,52.443679812481726,9.649982957227744,Ridge ML
738,52.443625168344106,9.649970638185287,Ridge ML
739,52.44357052420161,9.649958319158362,Ridge ML
740,52.443515880058925,9.649946000131715,Ridge ML
741,52.44346123592132,9.649933681089212,Ridge ML
742,52.44340659177881,9.649921362062333,Ridge ML
743,52.443351947641204,9.649909043019832,Ridge ML
744,52.44329730349852,9.649896723993184,Ridge ML
745,52.443242659356024,9.649884404966258,Ridge ML
746,52.443188015218404,9.649872085923803,Ridge ML
747,52.44313337107591,9.649859766896878,Ridge ML
748,52.44307872693829,9.649847447854421,Ridge ML
749,52.44302408279379,9.649835128832907,Ridge ML
750,52.442969438656355,9.649822809790175,Ridge ML
751,52.44291479451367,9.649810490763526,Ridge ML
752,52.44288747244395,9.649804331244889,Ridge ML
753,52.44283282830145,9.649792012217963,Ridge ML
754,52.442778184162016,9.649779693180642,Ridge ML
755,52.44272354001951,9.649767374153763,Ridge ML
756,52.44266889588007,9.64975505511644,Ridge ML
757,52.44261425174245,9.649742736073986,Ridge ML
758,52.44255960759812,9.64973041705224,Ridge ML
759,52.4425049634605,9.649718098009785,Ridge ML
760,52.44245031931617,9.64970577898804,Ridge ML
761,52.44239567517674,9.649693459950718,Ridge ML
762,52.44234103103729,9.649681140913442,Ridge ML
763,52.44228638689478,9.649668821886564,Ridge ML
764,52.44223174275534,9.649656502849242,Ridge ML
765,52.442177098616064,9.649644183811736,Ridge ML
766,52.442122454476625,9.649631864774413,Ridge ML
767,52.44206781033718,9.649619545737139,Ridge ML
768,52.4420131661961,9.64960722670472,Ridge ML
769,52.441958522056645,9.649594907667444,Ridge ML
770,52.4419038779123,9.649582588645746,Ridge ML
771,52.441849233776104,9.649570269597797,Ridge ML
772,52.44179458963665,9.64955795056052,Ridge ML
773,52.441739945495556,9.649545631528149,Ridge ML
774,52.44168530135429,9.649533312496008,Ridge ML
775,52.441630657215015,9.649520993458502,Ridge ML
776,52.441576013073735,9.649508674426407,Ridge ML
777,52.44152136893753,9.649496355378457,Ridge ML
778,52.44146672479461,9.649484036351264,Ridge ML
779,52.44141208065333,9.64947171731917,Ridge ML
780,52.44135743651547,9.64945939827617,Ridge ML
781,52.44130279237925,9.649447079228267,Ridge ML
782,52.441248148236156,9.649434760201306,Ridge ML
783,52.44119350409828,9.649422441158354,Ridge ML
784,52.441138859960226,9.649410122115631,Ridge ML
785,52.44108421582054,9.649397803077811,Ridge ML
786,52.44104269372671,9.649334287748676,Ridge ML
787,52.441013115502265,9.649223203171887,Ridge ML
788,52.44098196539276,9.649116958526127,Ridge ML
789,52.440949242251286,9.649015558358634,Ridge ML
790,52.44091494501643,9.648919006953312,Ridge ML
791,52.440879072691544,9.648827308394473,Ridge ML
792,52.4408416243699,9.64874046648894,Ridge ML
793,52.44080259920843,9.648658484848198,Ridge ML
794,52.44076199643317,9.648581366869296,Ridge ML
795,52.44071981536113,9.648509115670413,Ridge ML
796,52.44067605536539,9.648441734196254,Ridge ML
797,52.440630715908966,9.648379225114038,Ridge ML
798,52.44058379651994,9.648321590890099,Ridge ML
799,52.44053529680096,9.648268833760943,Ridge ML
800,52.44048521643839,9.648220955704733,Ridge ML
801,52.440433555188406,9.648177958484283,Ridge ML
802,52.44038031287144,9.64813984366354,Ridge ML
803,52.44032548939866,9.648106612526947,Ridge ML
804,52.44026908474858,9.648078266149648,Ridge ML
805,52.440211098976896,9.648054805369792,Ridge ML
806,52.44015153220226,9.648036230831167,Ridge ML
807,52.44009038464121,9.648022542873035,Ridge ML
808,52.4400276565587,9.64801374168689,Ridge ML
809,52.43996334831595,9.64800982716557,Ridge ML
810,52.43989746033076,9.648010799027746,Ridge ML
811,52.439829993114266,9.648016656702833,Ridge ML
812,52.43976094723675,9.64802739943719,Ridge ML
813,52.43969032335241,9.648043026218613,Ridge ML
814,52.43961812217729,9.648063535840992,Ridge ML
815,52.43954434452349,9.648088926803542,Ridge ML
816,52.43946899125372,9.648119197447404,Ridge ML
817,52.43939206332386,9.648154345825555,Ridge ML
818,52.43931356175125,9.64819436980036,Ridge ML
819,52.439233487632464,9.648239266988135,Ridge ML
820,52.439151842144575,9.648289034757536,Ridge ML
821,52.43906862653042,9.648343670271716,Ridge ML
822,52.438983842107234,9.648403170463359,Ridge ML
823,52.4388974902743,9.648467532011761,Ridge ML
824,52.43880957249138,9.648536751407715,Ridge ML
825,52.43872009030152,9.648610824883413,Ridge ML
826,52.43862904532268,9.648689748439836,Ridge ML
827,52.438536439244956,9.648773517852213,Ridge ML
828,52.438442273829,9.648862128679502,Ridge ML
829,52.43834655090886,9.648955576249598,Ridge ML
830,52.43824927240088,9.649053855637604,Ridge ML
831,52.43815044028358,9.649156961723389,Ridge ML
832,52.43805005661854,9.649264889130276,Ridge ML
833,52.437948123524976,9.649377632301476,Ridge ML
834,52.43784464322049,9.649495185375129,Ridge ML
835,52.43773961797134,9.649617542337532,Ridge ML
836,52.437633050132376,9.649744696900203,Ridge ML
837,52.43752494212211,9.64987664257562,Ridge ML
838,52.43741529643735,9.650013372633332,Ridge ML
839,52.437329991264875,9.650084403716145,Ridge ML
840,52.43727534389266,9.650072096050188,Ridge ML
841,52.43722069652062,9.650059788384004,Ridge ML
842,52.43716604914659,9.650047480723181,Ridge ML
843,52.43711140177944,9.650035173041418,Ridge ML
844,52.4370567544074,9.650022865375234,Ridge ML
845,52.437002107035184,9.650010557709278,Ridge ML
846,52.43694745966639,9.64999825003242,Ridge ML
847,52.4368928122942,9.649985942366417,Ridge ML
848,52.43683816492198,9.649973634700462,Ridge ML
849,52.43678351754813,9.64996132703941,Ridge ML
850,52.43672887018097,9.649949019357647,Ridge ML
851,52.43667422280893,9.649936711691462,Ridge ML
852,52.43661957543672,9.649924404025507,Ridge ML
853,52.43656492806775,9.649912096348878,Ridge ML
854,52.436510280695714,9.649899788682692,Ridge ML
855,52.4364556333235,9.649887481016737,Ridge ML
856,52.43640098595146,9.649875173350551,Ridge ML
857,52.43634633858251,9.649862865673876,Ridge ML
858,52.43629169121029,9.649850558007921,Ridge ML
859,52.436237043838254,9.649838250341736,Ridge ML
860,52.436182396471104,9.649825942659973,Ridge ML
861,52.436127749099064,9.649813634993787,Ridge ML
862,52.436073101725036,9.649801327332966,Ridge ML
863,52.43601845435282,9.649789019667011,Ridge ML
864,52.435963806985846,9.649776711985018,Ridge ML
865,52.43590915961363,9.649764404319063,Ridge ML
866,52.43585451223979,9.649752096657965,Ridge ML
867,52.435799864867576,9.64973978899201,Ridge ML
868,52.435745217500425,9.649727481310247,Ridge ML
869,52.435690570128386,9.649715173644061,Ridge ML
870,52.43563592275617,9.649702865978107,Ridge ML
871,52.43558127538738,9.649690558301247,Ridge ML
872,52.43552662801517,9.649678250635292,Ridge ML
873,52.435471980642966,9.649665942969289,Ridge ML
874,52.43541733327093,9.649653635303105,Ridge ML
875,52.435362685901964,9.649641327626474,Ridge ML
876,52.43530803852992,9.64962901996029,Ridge ML
877,52.43525339115771,9.649616712294334,Ridge ML
878,52.43519874378549,9.649604404628379,Ridge ML
879,52.43514409641852,9.649592096946387,Ridge ML
880,52.435089449044504,9.649579789285518,Ridge ML
881,52.43503480167229,9.649567481619563,Ridge ML
882,52.434980154305315,9.64955517393757,Ridge ML
883,52.4349255069331,9.649542866271615,Ridge ML
884,52.43487085956106,9.649530558605429,Ridge ML
885,52.43481621218703,9.649518250944608,Ridge ML
886,52.43476156481988,9.649505943262845,Ridge ML
887,52.434706917447855,9.649493635596613,Ridge ML
888,52.43465227007564,9.649481327930658,Ridge ML
889,52.4345976227036,9.649469020264473,Ridge ML
890,52.43454297533645,9.64945671258271,Ridge ML
891,52.43448832796242,9.649444404921889,Ridge ML
892,52.43443368059038,9.649432097255703,Ridge ML
893,52.43437903321818,9.6494197895897,Ridge ML
894,52.434324385851205,9.649407481907708,Ridge ML
895,52.43426973847899,9.649395174241754,Ridge ML
896,52.43421509110496,9.64938286658093,Ridge ML
897,52.43416044373798,9.649370558898939,Ridge ML
898,52.43410579636577,9.649358251232984,Ridge ML
899,52.434051148993746,9.649345943566752,Ridge ML
900,52.43399650162153,9.649333635900796,Ridge ML
901,52.43394185425438,9.649321328219033,Ridge ML
902,52.43388720688053,9.64930902055798,Ridge ML
903,52.43383255950831,9.649296712892026,Ridge ML
904,52.433777912136286,9.649284405225794,Ridge ML
905,52.433723264769135,9.649272097544031,Ridge ML
906,52.43366861739692,9.649259789878077,Ridge ML
907,52.43361397002488,9.64924748221189,Ridge ML
908,52.43355932265085,9.64923517455107,Ridge ML
909,52.43350467528387,9.649222866869076,Ridge ML
910,52.433450027911675,9.649210559203075,Ridge ML
911,52.433395380539466,9.64919825153712,Ridge ML
912,52.433340733172486,9.649185943855127,Ridge ML
913,52.43328608579846,9.649173636194305,Ridge ML
914,52.43323143842642,9.64916132852812,Ridge ML
915,52.4331767910542,9.649149020862165,Ridge ML
916,52.43312214368705,9.649136713180402,Ridge ML
917,52.433067496315026,9.64912440551417,Ridge ML
918,52.433012848941,9.649112097853347,Ridge ML
919,52.43295820156896,9.649099790187163,Ridge ML
920,52.43290355420181,9.6490874825054,Ridge ML
921,52.43284890682959,9.649075174839446,Ridge ML
922,52.43279425945574,9.649062867178394,Ridge ML
923,52.43273961208859,9.649050559496631,Ridge ML
924,52.43268496471654,9.649038251830445,Ridge ML
925,52.432630317342515,9.649025944169624,Ridge ML
926,52.43257566996849,9.649013636508801,Ridge ML
927,52.43252102259968,9.64900132883199,Ridge ML
928,52.43246637522564,9.648989021171214,Ridge ML
929,52.43241172836832,9.648976712102298,Ridge ML
930,52.4323570820251,9.648964401635908,Ridge ML
931,52.4323024356817,9.648952091169745,Ridge ML
932,52.432247789338476,9.648939780703355,Ridge ML
933,52.43219314299508,9.648927470237192,Ridge ML
934,52.43213849665168,9.64891515977103,Ridge ML
935,52.43208385030846,9.64890284930464,Ridge ML
936,52.432029203965065,9.648890538838478,Ridge ML
937,52.431974557621835,9.648878228372087,Ridge ML
938,52.43191991127844,9.648865917905924,Ridge ML
939,52.43186526493504,9.648853607439763,Ridge ML
940,52.43181061859182,9.648841296973371,Ridge ML
941,52.431755972248425,9.64882898650721,Ridge ML
942,52.4317013259052,9.648816676040818,Ridge ML
943,52.4316466795618,9.648804365574657,Ridge ML
944,52.43159203321841,9.648792055108496,Ridge ML
945,52.431537386875185,9.648779744642104,Ridge ML
946,52.431482740531784,9.648767434175943,Ridge ML
947,52.43142809418856,9.64875512370955,Ridge ML
948,52.43137344784516,9.64874281324339,Ridge ML
949,52.43131880150177,9.648730502777228,Ridge ML
950,52.431264155158544,9.648718192310836,Ridge ML
951,52.431209508815144,9.648705881844675,Ridge ML
952,52.43115486247192,9.648693571378283,Ridge ML
953,52.43110021612853,9.648681260912122,Ridge ML
954,52.43104556978513,9.64866895044596,Ridge ML
955,52.430990923441904,9.648656639979569,Ridge ML
956,52.43093627709851,9.648644329513408,Ridge ML
957,52.43088163075528,9.648632019047016,Ridge ML
958,52.43082698441189,9.648619708580854,Ridge ML
959,52.430772338068486,9.648607398114693,Ridge ML
960,52.43071769172526,9.648595087648301,Ridge ML
961,52.43066304538187,9.64858277718214,Ridge ML
962,52.43060839903865,9.648570466715748,Ridge ML
963,52.430553752695246,9.648558156249587,Ridge ML
964,52.43049910635185,9.648545845783426,Ridge ML
965,52.43044446000863,9.648533535317034,Ridge ML
966,52.43038981366523,9.648521224850873,Ridge ML
967,52.430335167322006,9.64850891438448,Ridge ML
968,52.430280520978606,9.64849660391832,Ridge ML
969,52.43022587463521,9.648484293452158,Ridge ML
970,52.43017122829199,9.648471982985766,Ridge ML
971,52.43011658194859,9.648459672519605,Ridge ML
972,52.430061935605366,9.648447362053213,Ridge ML
973,52.43000728926197,9.648435051587052,Ridge ML
974,52.42995264291857,9.648422741120891,Ridge ML
975,52.42989799657535,9.648410430654499,Ridge ML
976,52.429843350231955,9.648398120188338,Ridge ML
977,52.429788703888555,9.648385809722175,Ridge ML
978,52.42973405754533,9.648373499255785,Ridge ML
979,52.42967941120194,9.648361188789623,Ridge ML
980,52.42962476485871,9.648348878323231,Ridge ML
981,52.429570118515315,9.64833656785707,Ridge ML
982,52.429515472171914,9.648324257390907,Ridge ML
983,52.42946082582869,9.648311946924517,Ridge ML
984,52.4294061794853,9.648299636458354,Ridge ML
985,52.429351533142075,9.648287325991964,Ridge ML
986,52.429296886798674,9.648275015525803,Ridge ML
987,52.42924224045528,9.64826270505964,Ridge ML
988,52.42918759411206,9.64825039459325,Ridge ML
989,52.42913294776866,9.648238084127087,Ridge ML
990,52.429078301425434,9.648225773660696,Ridge ML
991,52.429023655082034,9.648213463194534,Ridge ML
992,52.42896900873864,9.648201152728372,Ridge ML
993,52.42891436239542,9.64818884226198,Ridge ML
994,52.42885971605202,9.64817653179582,Ridge ML
995,52.428805069708794,9.648164221329429,Ridge ML
996,52.4287504233654,9.648151910863266,Ridge ML
997,52.428695777022,9.648139600397105,Ridge ML
998,52.42864113067878,9.648127289930713,Ridge ML
999,52.42858648433538,9.648114979464552,Ridge ML
1000,52.42853183799215,9.64810266899816,Ridge ML
1001,52.42847719164876,9.648090358531999,Ridge ML
1002,52.42842254530536,9.648078048065837,Ridge ML
1003,52.42836789896214,9.648065737599445,Ridge ML
1004,52.42831325261874,9.648053427133284,Ridge ML
1005,52.42825860627552,9.648041116666892,Ridge ML
1006,52.42820395993212,9.648028806200731,Ridge ML
1007,52.428149313588726,9.64801649573457,Ridge ML
1008,52.4280946672455,9.648004185268178,Ridge ML
1009,52.4280400209021,9.647991874802017,Ridge ML
1010,52.42798537455888,9.647979564335625,Ridge ML
1011,52.42793072821548,9.647967253869464,Ridge ML
1012,52.427876081872085,9.647954943403303,Ridge ML
1013,52.42782143552886,9.64794263293691,Ridge ML
1014,52.42776678918546,9.64793032247075,Ridge ML
1015,52.42771214284224,9.647918012004357,Ridge ML
1016,52.427657496498846,9.647905701538196,Ridge ML
1017,52.427602850155445,9.647893391072035,Ridge ML
1018,52.42754820381222,9.647881080605643,Ridge ML
1019,52.42749355746883,9.647868770139482,Ridge ML
1020,52.42743891112543,9.64785645967332,Ridge ML
1021,52.427384264782205,9.647844149206929,Ridge ML
1022,52.42732961843881,9.647831838740768,Ridge ML
1023,52.42727497209558,9.647819528274376,Ridge ML
1024,52.42722032575219,9.647807217808214,Ridge ML
1025,52.42716567940879,9.647794907342053,Ridge ML
1026,52.427111033065565,9.647782596875661,Ridge ML
1027,52.42705638672217,9.6477702864095,Ridge ML
1028,52.42700174037895,9.647757975943108,Ridge ML
1029,52.42694709403555,9.647745665476947,Ridge ML
1030,52.426892447692154,9.647733355010786,Ridge ML
1031,52.42683780134893,9.647721044544394,Ridge ML
1032,52.42678315500553,9.647708734078233,Ridge ML
1033,52.42672850866231,9.64769642361184,Ridge ML
1034,52.42667386231891,9.64768411314568,Ridge ML
1035,52.426619215975514,9.647671802679517,Ridge ML
1036,52.42656456963229,9.647659492213126,Ridge ML
1037,52.42650992328889,9.647647181746963,Ridge ML
1038,52.42645527694567,9.647634871280573,Ridge ML
1039,52.426400630602274,9.647622560814412,Ridge ML
1040,52.42634598425887,9.647610250348249,Ridge ML
1041,52.42629133791565,9.647597939881859,Ridge ML
1042,52.42623669157226,9.647585629415696,Ridge ML
1043,52.42618204522903,9.647573318949306,Ridge ML
1044,52.42612739888563,9.647561008483143,Ridge ML
1045,52.42607275254223,9.647548698016982,Ridge ML
1046,52.42601810619901,9.64753638755059,Ridge ML
1047,52.425963459855616,9.647524077084428,Ridge ML
1048,52.42590881351239,9.647511766618038,Ridge ML
1049,52.42585416716899,9.647499456151875,Ridge ML
1050,52.4257995208256,9.647487145685714,Ridge ML
1051,52.425744874482376,9.647474835219322,Ridge ML
1052,52.425690228138976,9.647462524753161,Ridge ML
1053,52.42563558179575,9.647450214286769,Ridge ML
1054,52.42558093545235,9.647437903820608,Ridge ML
1055,52.42552628910896,9.647425593354447,Ridge ML
1056,52.425471642765736,9.647413282888055,Ridge ML
1057,52.425416996422335,9.647400972421893,Ridge ML
1058,52.42536235007911,9.647388661955501,Ridge ML
1059,52.42530770373572,9.64737635148934,Ridge ML
1060,52.42525305739232,9.64736404102318,Ridge ML
1061,52.425198411049095,9.647351730556787,Ridge ML
1062,52.4251437647057,9.647339420090626,Ridge ML
1063,52.42508911836248,9.647327109624234,Ridge ML
1064,52.42503447201908,9.647314799158073,Ridge ML
1065,52.424979825675685,9.647302488691912,Ridge ML
1066,52.424925179332455,9.64729017822552,Ridge ML
1067,52.42487053298906,9.647277867759358,Ridge ML
1068,52.42481588664566,9.647265557293197,Ridge ML
1069,52.42476124030244,9.647253246826805,Ridge ML
1070,52.424706593959044,9.647240936360644,Ridge ML
1071,52.42465194761582,9.647228625894252,Ridge ML
1072,52.42459730127242,9.647216315428091,Ridge ML
1073,52.42454265492903,9.64720400496193,Ridge ML
1074,52.424488008585804,9.647191694495538,Ridge ML
1075,52.424433362242404,9.647179384029377,Ridge ML
1076,52.42437871589918,9.647167073562985,Ridge ML
1077,52.42432406955578,9.647154763096824,Ridge ML
1078,52.42426942321239,9.647142452630662,Ridge ML
1079,52.424214776869164,9.64713014216427,Ridge ML
1080,52.42416013052576,9.64711783169811,Ridge ML
1081,52.42410548418254,9.647105521231717,Ridge ML
1082,52.42405083783915,9.647093210765556,Ridge ML
1083,52.423996191495746,9.647080900299395,Ridge ML
1084,52.42394154515252,9.647068589833003,Ridge ML
1085,52.42388689880913,9.647056279366842,Ridge ML
1086,52.4238322524659,9.64704396890045,Ridge ML
1087,52.423777606122506,9.647031658434289,Ridge ML
1088,52.42372295977911,9.647019347968126,Ridge ML
1089,52.42366831343588,9.647007037501735,Ridge ML
1090,52.42361366709249,9.646994727035574,Ridge ML
1091,52.423559020749266,9.646982416569182,Ridge ML
1092,52.423504374405866,9.646970106103021,Ridge ML
1093,52.42344972806247,9.646957795636858,Ridge ML
1094,52.42339508171925,9.646945485170468,Ridge ML
1095,52.42334043537585,9.646933174704305,Ridge ML
1096,52.423285789032626,9.646920864237915,Ridge ML
1097,52.42323114268923,9.646908553771752,Ridge ML
1098,52.42317649634583,9.64689624330559,Ridge ML
1099,52.42312185000261,9.646883932839199,Ridge ML
1100,52.42306720365921,9.646871622373038,Ridge ML
1101,52.423012557315985,9.646859311906647,Ridge ML
1102,52.42295791097259,9.646847001440484,Ridge ML
1103,52.42290326462919,9.646834690974323,Ridge ML
1104,52.42284861828597,9.646822380507931,Ridge ML
1105,52.422793971942575,9.64681007004177,Ridge ML
1106,52.42273932559935,9.646797759575378,Ridge ML
1107,52.42268467925595,9.646785449109217,Ridge ML
1108,52.42263003291256,9.646773138643056,Ridge ML
1109,52.42257538656933,9.646760828176664,Ridge ML
1110,52.422520740225934,9.646748517710503,Ridge ML
1111,52.42246609388271,9.64673620724411,Ridge ML
1112,52.42241144753931,9.64672389677795,Ridge ML
1113,52.42235680119592,9.646711586311788,Ridge ML
1114,52.422302154852694,9.646699275845396,Ridge ML
1115,52.422247508509294,9.646686965379235,Ridge ML
1116,52.4221928621659,9.646674654913074,Ridge ML
1117,52.42213821582268,9.646662344446682,Ridge ML
1118,52.42208356947928,9.64665003398052,Ridge ML
1119,52.422028923136054,9.646637723514129,Ridge ML
1120,52.42197427679265,9.646625413047968,Ridge ML
1121,52.42191963044926,9.646613102581806,Ridge ML
1122,52.42186498410604,9.646600792115414,Ridge ML
1123,52.421810337762636,9.646588481649253,Ridge ML
1124,52.42175569141941,9.646576171182861,Ridge ML
1125,52.42170104507602,9.6465638607167,Ridge ML
1126,52.42164639873262,9.646551550250539,Ridge ML
1127,52.421591752389396,9.646539239784147,Ridge ML
1128,52.421537106046,9.646526929317986,Ridge ML
1129,52.42148245970277,9.646514618851594,Ridge ML
1130,52.42142781335938,9.646502308385433,Ridge ML
1131,52.421373167015986,9.646489997919272,Ridge ML
1132,52.421318520672756,9.64647768745288,Ridge ML
1133,52.42126387432936,9.646465376986718,Ridge ML
1134,52.42120922798614,9.646453066520326,Ridge ML
1135,52.42115458164274,9.646440756054165,Ridge ML
1136,52.421099935299345,9.646428445588004,Ridge ML
1137,52.42104528895612,9.646416135121612,Ridge ML
1138,52.42099064261272,9.64640382465545,Ridge ML
1139,52.4209359962695,9.646391514189059,Ridge ML
1140,52.420881349926105,9.646379203722898,Ridge ML
1141,52.420826703582705,9.646366893256735,Ridge ML
1142,52.42077205723948,9.646354582790345,Ridge ML
1143,52.42071741089608,9.646342272324183,Ridge ML
1144,52.42066276455286,9.646329961857791,Ridge ML
1145,52.420608118209465,9.64631765139163,Ridge ML
1146,52.420553471866064,9.646305340925467,Ridge ML
1147,52.42049882552284,9.646293030459077,Ridge ML
1148,52.42044417917945,9.646280719992914,Ridge ML
1149,52.420389532836225,9.646268409526524,Ridge ML
1150,52.420334886492824,9.646256099060361,Ridge ML
1151,52.42028024014943,9.6462437885942,Ridge ML
1152,52.4202255938062,9.64623147812781,Ridge ML
1153,52.42017094746281,9.646219167661647,Ridge ML
1154,52.420116301119585,9.646206857195256,Ridge ML
1155,52.420061654776184,9.646194546729093,Ridge ML
1156,52.42000700843279,9.646182236262932,Ridge ML
1157,52.41995236208957,9.64616992579654,Ridge ML
1158,52.41989771574617,9.64615761533038,Ridge ML
1159,52.41984306940277,9.646145304864218,Ridge ML
1160,52.41978842305955,9.646132994397826,Ridge ML
1161,52.41973377671615,9.646120683931665,Ridge ML
1162,52.41967913037293,9.646108373465273,Ridge ML
1163,52.41962448402953,9.646096062999112,Ridge ML
1164,52.41956983768613,9.64608375253295,Ridge ML
1165,52.41951519134291,9.646071442066559,Ridge ML
1166,52.41946054499951,9.646059131600397,Ridge ML
1167,52.41940589865629,9.646046821134005,Ridge ML
1168,52.41935125231289,9.646034510667844,Ridge ML
1169,52.41929660596949,9.646022200201683,Ridge ML
1170,52.41924195962627,9.646009889735291,Ridge ML
1171,52.419187313282876,9.64599757926913,Ridge ML
1172,52.419132666939646,9.645985268802738,Ridge ML
1173,52.41907802059625,9.645972958336577,Ridge ML
1174,52.41902337425286,9.645960647870416,Ridge ML
1175,52.41896872790963,9.645948337404024,Ridge ML
1176,52.418914081566236,9.645936026937862,Ridge ML
1177,52.41885943522301,9.64592371647147,Ridge ML
1178,52.41880478887961,9.64591140600531,Ridge ML
1179,52.41875014253622,9.645899095539148,Ridge ML
1180,52.418695496192996,9.645886785072756,Ridge ML
1181,52.418640849849595,9.645874474606595,Ridge ML
1182,52.41858620350637,9.645862164140203,Ridge ML
1183,52.41853155716298,9.645849853674042,Ridge ML
1184,52.41847691081958,9.64583754320788,Ridge ML
1185,52.418422264476355,9.645825232741489,Ridge ML
1186,52.418367618132955,9.645812922275327,Ridge ML
1187,52.41831297178973,9.645800611808935,Ridge ML
1188,52.41825832544634,9.645788301342774,Ridge ML
1189,52.41820367910294,9.645775990876613,Ridge ML
1190,52.418149032759715,9.645763680410221,Ridge ML
1191,52.41809438641632,9.64575136994406,Ridge ML
1192,52.4180397400731,9.645739059477668,Ridge ML
1193,52.4179850937297,9.645726749011507,Ridge ML
1194,52.417930447386304,9.645714438545344,Ridge ML
1195,52.417875801043074,9.645702128078954,Ridge ML
1196,52.41782115469968,9.645689817612793,Ridge ML
1197,52.41776650835646,9.6456775071464,Ridge ML
1198,52.41771186201306,9.64566519668024,Ridge ML
1199,52.417657215669664,9.645652886214076,Ridge ML
1200,52.41760256932644,9.645640575747686,Ridge ML
1201,52.41754792298304,9.645628265281523,Ridge ML
1202,52.41749327663982,9.645615954815133,Ridge ML
1203,52.417438630296424,9.645603644348972,Ridge ML
1204,52.41738398395302,9.645591333882809,Ridge ML
1205,52.4173293376098,9.645579023416419,Ridge ML
1206,52.41727469126641,9.645566712950256,Ridge ML
1207,52.417220044923006,9.645554402484095,Ridge ML
1208,52.41716539857978,9.645542092017703,Ridge ML
1209,52.41711075223638,9.645529781551542,Ridge ML
1210,52.41705610589316,9.64551747108515,Ridge ML
1211,52.417001459549766,9.645505160618988,Ridge ML
1212,52.416946813206366,9.645492850152827,Ridge ML
1213,52.41689216686314,9.645480539686435,Ridge ML
1214,52.41683752051975,9.645468229220274,Ridge ML
1215,52.416782874176526,9.645455918753882,Ridge ML
1216,52.416728227833126,9.64544360828772,Ridge ML
1217,52.41667358148973,9.64543129782156,Ridge ML
1218,52.4166189351465,9.645418987355168,Ridge ML
1219,52.41656428880311,9.645406676889007,Ridge ML
1220,52.416509642459886,9.645394366422614,Ridge ML
1221,52.416454996116485,9.645382055956453,Ridge ML
1222,52.41640034977309,9.645369745490292,Ridge ML
1223,52.41634570342987,9.6453574350239,Ridge ML
1224,52.41629105708647,9.645345124557739,Ridge ML
1225,52.416236410743245,9.645332814091347,Ridge ML
1226,52.41618176439985,9.645320503625186,Ridge ML
1227,52.41612711805645,9.645308193159025,Ridge ML
1228,52.41607247171323,9.645295882692633,Ridge ML
1229,52.41601782536983,9.645283572226472,Ridge ML
1230,52.415963179026605,9.64527126176008,Ridge ML
1231,52.41590853268321,9.645258951293918,Ridge ML
1232,52.41585388633981,9.645246640827757,Ridge ML
1233,52.41579923999659,9.645234330361365,Ridge ML
1234,52.415744593653194,9.645222019895204,Ridge ML
1235,52.41568994730997,9.645209709428812,Ridge ML
1236,52.41563530096657,9.645197398962651,Ridge ML
1237,52.41558065462318,9.64518508849649,Ridge ML
1238,52.41552600827995,9.645172778030098,Ridge ML
1239,52.415471361936554,9.645160467563937,Ridge ML
1240,52.41541671559333,9.645148157097545,Ridge ML
1241,52.41536206924993,9.645135846631383,Ridge ML
1242,52.41530742290654,9.645123536165222,Ridge ML
1243,52.415252776563314,9.64511122569883,Ridge ML
1244,52.41519813021991,9.64509891523267,Ridge ML
1245,52.41514348387669,9.645086604766277,Ridge ML
1246,52.4150888375333,9.645074294300116,Ridge ML
1247,52.415034191189896,9.645061983833955,Ridge ML
1248,52.41497954484667,9.645049673367563,Ridge ML
1249,52.41492489850328,9.645037362901402,Ridge ML
1250,52.41487025216005,9.64502505243501,Ridge ML
1251,52.414815605816656,9.645012741968849,Ridge ML
1252,52.414760959473256,9.645000431502686,Ridge ML
1253,52.41470631313003,9.644988121036295,Ridge ML
1254,52.41465166678664,9.644975810570132,Ridge ML
1255,52.41459702044324,9.644963500103971,Ridge ML
1256,52.414542374100016,9.644951189637581,Ridge ML
1257,52.41448772775662,9.644938879171418,Ridge ML
1258,52.4144330814134,9.644926568705028,Ridge ML
1259,52.41437843507,9.644914258238865,Ridge ML
1260,52.414323788726605,9.644901947772704,Ridge ML
1261,52.414269142383375,9.644889637306312,Ridge ML
1262,52.41421449603998,9.64487732684015,Ridge ML
1263,52.41415984969676,9.64486501637376,Ridge ML
1264,52.41410520335336,9.644852705907597,Ridge ML
1265,52.414050557009965,9.644840395441436,Ridge ML
1266,52.41399591066674,9.644828084975044,Ridge ML
1267,52.41394126432334,9.644815774508883,Ridge ML
1268,52.41388661798012,9.644803464042491,Ridge ML
1269,52.413831971636725,9.64479115357633,Ridge ML
1270,52.413777325293324,9.644778843110169,Ridge ML
1271,52.4137226789501,9.644766532643777,Ridge ML
1272,52.4136680326067,9.644754222177616,Ridge ML
1273,52.41361338626348,9.644741911711224,Ridge ML
1274,52.413558739920084,9.644729601245063,Ridge ML
1275,52.413504093576684,9.644717290778901,Ridge ML
1276,52.41344944723346,9.64470498031251,Ridge ML
1277,52.41339480089007,9.644692669846348,Ridge ML
1278,52.413340154546844,9.644680359379956,Ridge ML
1279,52.413285508203444,9.644668048913795,Ridge ML
1280,52.41323086186005,9.644655738447634,Ridge ML
1281,52.41317621551682,9.644643427981242,Ridge ML
1282,52.41312156917343,9.64463111751508,Ridge ML
1283,52.413066922830204,9.644618807048689,Ridge ML
1284,52.4130122764868,9.644606496582528,Ridge ML
1285,52.41295763014341,9.644594186116366,Ridge ML
1286,52.41290298380019,9.644581875649974,Ridge ML
1287,52.412848337456786,9.644569565183813,Ridge ML
1288,52.41279369111356,9.644557254717421,Ridge ML
1289,52.41273904477017,9.64454494425126,Ridge ML
1290,52.41268439842677,9.644532633785099,Ridge ML
1291,52.41262975208355,9.644520323318707,Ridge ML
1292,52.41257510574015,9.644508012852546,Ridge ML
1293,52.41252045939692,9.644495702386154,Ridge ML
1294,52.41246581305353,9.644483391919993,Ridge ML
1295,52.41241116671013,9.644471081453831,Ridge ML
1296,52.412356520366906,9.64445877098744,Ridge ML
1297,52.41230187402351,9.644446460521278,Ridge ML
1298,52.41224722768011,9.644434150055115,Ridge ML
1299,52.41219258133689,9.644421839588725,Ridge ML
1300,52.412137934993495,9.644409529122564,Ridge ML
1301,52.41208328865027,9.644397218656172,Ridge ML
1302,52.41202864230687,9.64438490819001,Ridge ML
1303,52.41197399596348,9.644372597723848,Ridge ML
1304,52.41191934962025,9.644360287257458,Ridge ML
1305,52.411864703276855,9.644347976791295,Ridge ML
1306,52.41181005693363,9.644335666324904,Ridge ML
1307,52.41175541059023,9.644323355858743,Ridge ML
1308,52.41170076424684,9.64431104539258,Ridge ML
1309,52.411646117903615,9.64429873492619,Ridge ML
1310,52.411591471560214,9.644286424460027,Ridge ML
1311,52.41153682521699,9.644274113993637,Ridge ML
1312,52.4114821788736,9.644261803527474,Ridge ML
1313,52.4114275325302,9.644249493061313,Ridge ML
1314,52.411372886186975,9.644237182594921,Ridge ML
1315,52.411318239843574,9.64422487212876,Ridge ML
1316,52.41126359350035,9.64421256166237,Ridge ML
1317,52.41120894715696,9.644200251196207,Ridge ML
1318,52.41115430081356,9.644187940730045,Ridge ML
1319,52.411099654470334,9.644175630263653,Ridge ML
1320,52.41104500812694,9.644163319797492,Ridge ML
1321,52.41099036178372,9.6441510093311,Ridge ML
1322,52.41093571544032,9.64413869886494,Ridge ML
1323,52.410881069096924,9.644126388398778,Ridge ML
1324,52.4108264227537,9.644114077932386,Ridge ML
1325,52.4107717764103,9.644101767466225,Ridge ML
1326,52.41071713006708,9.644089456999833,Ridge ML
1327,52.41066248372368,9.644077146533672,Ridge ML
1328,52.41060783738028,9.64406483606751,Ridge ML
1329,52.41055319103706,9.644052525601118,Ridge ML
1330,52.41049854469366,9.644040215134957,Ridge ML
1331,52.41044389835044,9.644027904668565,Ridge ML
1332,52.41038925200704,9.644015594202404,Ridge ML
1333,52.41033460566364,9.644003283736243,Ridge ML
1334,52.41027995932042,9.643990973269851,Ridge ML
1335,52.410225312977026,9.64397866280369,Ridge ML
1336,52.410170666633796,9.643966352337298,Ridge ML
1337,52.4101160202904,9.643954041871137,Ridge ML
1338,52.410061373947,9.643941731404976,Ridge ML
1339,52.41000672760378,9.643929420938584,Ridge ML
1340,52.409952081260386,9.643917110472422,Ridge ML
1341,52.40989743491716,9.64390480000603,Ridge ML
1342,52.40984278857376,9.64389248953987,Ridge ML
1343,52.40978814223037,9.643880179073708,Ridge ML
1344,52.409733495887146,9.643867868607316,Ridge ML
1345,52.409678849543745,9.643855558141155,Ridge ML
1346,52.40962420320035,9.643843247674994,Ridge ML
1347,52.40956955685712,9.643830937208602,Ridge ML
1348,52.40951491051373,9.64381862674244,Ridge ML
1349,52.409460264170505,9.643806316276049,Ridge ML
1350,52.409405617827105,9.643794005809887,Ridge ML
1351,52.40935097148371,9.643781695343726,Ridge ML
1352,52.40929632514049,9.643769384877334,Ridge ML
1353,52.40924167879709,9.643757074411173,Ridge ML
1354,52.409187032453865,9.643744763944781,Ridge ML
1355,52.40913238611047,9.64373245347862,Ridge ML
1356,52.40907773976707,9.643720143012457,Ridge ML
1357,52.40902309342385,9.643707832546067,Ridge ML
1358,52.408968447080454,9.643695522079904,Ridge ML
1359,52.408913800737224,9.643683211613514,Ridge ML
1360,52.40885915439383,9.643670901147352,Ridge ML
1361,52.40880450805043,9.64365859068119,Ridge ML
1362,52.40874986170721,9.6436462802148,Ridge ML
1363,52.408695215363814,9.643633969748636,Ridge ML
1364,52.40864056902059,9.643621659282246,Ridge ML
1365,52.40858592267719,9.643609348816083,Ridge ML
1366,52.4085312763338,9.643597038349922,Ridge ML
1367,52.408476629990574,9.643584727883532,Ridge ML
1368,52.40842198364717,9.643572417417369,Ridge ML
1369,52.40836733730395,9.643560106950979,Ridge ML
1370,52.40831269096055,9.643547796484816,Ridge ML
1371,52.408258044617156,9.643535486018655,Ridge ML
1372,52.40820339827393,9.643523175552263,Ridge ML
1373,52.40814875193053,9.643510865086101,Ridge ML
1374,52.40809410558731,9.64349855461971,Ridge ML
1375,52.408039459243916,9.643486244153548,Ridge ML
1376,52.407984812900516,9.643473933687387,Ridge ML
1377,52.40793016655729,9.643461623220995,Ridge ML
1378,52.4078755202139,9.643449312754834,Ridge ML
1379,52.40782087387067,9.643437002288442,Ridge ML
1380,52.407766227527276,9.64342469182228,Ridge ML
1381,52.407711581183875,9.64341238135612,Ridge ML
1382,52.40765693484065,9.643400070889728,Ridge ML
1383,52.40760228849726,9.643387760423566,Ridge ML
1384,52.407547642154036,9.643375449957174,Ridge ML
1385,52.407492995810635,9.643363139491013,Ridge ML
1386,52.40743834946724,9.643350829024852,Ridge ML
1387,52.40738370312402,9.64333851855846,Ridge ML
1388,52.40732905678062,9.643326208092299,Ridge ML
1389,52.407274410437395,9.643313897625907,Ridge ML
1390,52.407219764093995,9.643301587159746,Ridge ML
1391,52.4071651177506,9.643289276693585,Ridge ML
1392,52.40711047140738,9.643276966227193,Ridge ML
1393,52.40705582506398,9.643264655761032,Ridge ML
1394,52.407001178720584,9.64325234529487,Ridge ML
1395,52.40694653237736,9.643240034828478,Ridge ML
1396,52.40689188603396,9.643227724362317,Ridge ML
1397,52.40683723969074,9.643215413895925,Ridge ML
1398,52.406782593347344,9.643203103429764,Ridge ML
1399,52.406727947003944,9.643190792963603,Ridge ML
1400,52.40667330066072,9.64317848249721,Ridge ML
1401,52.40661865431733,9.64316617203105,Ridge ML
1402,52.4065640079741,9.643153861564658,Ridge ML
1403,52.406509361630704,9.643141551098497,Ridge ML
1404,52.4064547152873,9.643129240632335,Ridge ML
1405,52.40640006894408,9.643116930165943,Ridge ML
1406,52.40634542260069,9.643104619699782,Ridge ML
1407,52.406290776257464,9.64309230923339,Ridge ML
1408,52.40623612991406,9.643079998767229,Ridge ML
1409,52.40618148357067,9.643067688301066,Ridge ML
1410,52.40612683722745,9.643055377834676,Ridge ML
1411,52.406072190884046,9.643043067368515,Ridge ML
1412,52.40601754454082,9.643030756902123,Ridge ML
1413,52.40596289819742,9.643018446435962,Ridge ML
1414,52.40590825185403,9.643006135969799,Ridge ML
1415,52.405853605510806,9.642993825503408,Ridge ML
1416,52.405798959167406,9.642981515037246,Ridge ML
1417,52.40574431282418,9.642969204570855,Ridge ML
1418,52.40568966648079,9.642956894104692,Ridge ML
1419,52.40563502013739,9.642944583638531,Ridge ML
1420,52.405580373794166,9.642932273172141,Ridge ML
1421,52.40552572745077,9.642919962705978,Ridge ML
1422,52.40547108110754,9.642907652239588,Ridge ML
1423,52.40541643476415,9.642895341773425,Ridge ML
1424,52.40536178842075,9.642883031307264,Ridge ML
1425,52.405307142077525,9.642870720840872,Ridge ML
1426,52.40525249573413,9.64285841037471,Ridge ML
1427,52.40519784939091,9.642846099908319,Ridge ML
1428,52.40514320304751,9.642833789442157,Ridge ML
1429,52.405088556704115,9.642821478975996,Ridge ML
1430,52.40503391036089,9.642809168509604,Ridge ML
1431,52.40497926401749,9.642796858043443,Ridge ML
1432,52.40492461767427,9.642784547577051,Ridge ML
1433,52.40486997133087,9.64277223711089,Ridge ML
1434,52.404815324987474,9.642759926644729,Ridge ML
1435,52.40476067864425,9.642747616178337,Ridge ML
1436,52.40470603230085,9.642735305712176,Ridge ML
1437,52.40465138595763,9.642722995245784,Ridge ML
1438,52.404596739614234,9.642710684779622,Ridge ML
1439,52.404542093270834,9.642698374313461,Ridge ML
1440,52.40448744692761,9.64268606384707,Ridge ML
1441,52.40443280058422,9.642673753380908,Ridge ML
1442,52.40437815424082,9.642661442914747,Ridge ML
1443,52.404323507897594,9.642649132448355,Ridge ML
1444,52.4042688615542,9.642636821982194,Ridge ML
1445,52.40421421521097,9.642624511515802,Ridge ML
1446,52.40415956886758,9.64261220104964,Ridge ML
1447,52.404104922524176,9.64259989058348,Ridge ML
1448,52.40405027618095,9.642587580117087,Ridge ML
1449,52.40399562983756,9.642575269650926,Ridge ML
1450,52.40394098349434,9.642562959184534,Ridge ML
1451,52.40388633715094,9.642550648718373,Ridge ML
1452,52.40383169080754,9.642538338252212,Ridge ML
1453,52.40377704446432,9.64252602778582,Ridge ML
1454,52.40372239812092,9.642513717319659,Ridge ML
1455,52.4036677517777,9.642501406853267,Ridge ML
1456,52.403613105434296,9.642489096387106,Ridge ML
1457,52.4035584590909,9.642476785920945,Ridge ML
1458,52.40350381274768,9.642464475454553,Ridge ML
1459,52.40344916640428,9.642452164988391,Ridge ML
1460,52.403394520061056,9.642439854522,Ridge ML
1461,52.40333987371766,9.642427544055838,Ridge ML
1462,52.40328522737426,9.642415233589675,Ridge ML
1463,52.40323058103104,9.642402923123285,Ridge ML
1464,52.403175934687646,9.642390612657124,Ridge ML
1465,52.403121288344416,9.642378302190732,Ridge ML
1466,52.40306664200102,9.64236599172457,Ridge ML
1467,52.40301199565763,9.642353681258408,Ridge ML
1468,52.4029573493144,9.642341370792018,Ridge ML
1469,52.402902702971005,9.642329060325855,Ridge ML
1470,52.40284805662778,9.642316749859464,Ridge ML
1471,52.40279341028438,9.642304439393302,Ridge ML
1472,52.40273876394099,9.64229212892714,Ridge ML
1473,52.402684117597765,9.64227981846075,Ridge ML
1474,52.402629471254365,9.642267507994587,Ridge ML
1475,52.40257482491114,9.642255197528197,Ridge ML
1476,52.40252017856775,9.642242887062034,Ridge ML
1477,52.40246553222435,9.642230576595873,Ridge ML
1478,52.402410885881125,9.64221826612948,Ridge ML
1479,52.402356239537724,9.64220595566332,Ridge ML
1480,52.4023015931945,9.642193645196928,Ridge ML
1481,52.40224694685111,9.642181334730767,Ridge ML
1482,52.40219230050771,9.642169024264605,Ridge ML
1483,52.402137654164484,9.642156713798213,Ridge ML
1484,52.40208300782109,9.642144403332052,Ridge ML
1485,52.40202836147769,9.642132092865891,Ridge ML
1486,52.40197371513447,9.642119782399499,Ridge ML
1487,52.401919068791074,9.642107471933338,Ridge ML
1488,52.401864422447844,9.642095161466946,Ridge ML
1489,52.40180977610445,9.642082851000785,Ridge ML
1490,52.40175512976105,9.642070540534624,Ridge ML
1491,52.40170048341783,9.642058230068232,Ridge ML
1492,52.40164583707443,9.64204591960207,Ridge ML
1493,52.40159119073121,9.642033609135678,Ridge ML
1494,52.40153654438781,9.642021298669517,Ridge ML
1495,52.401481898044416,9.642008988203356,Ridge ML
1496,52.40142725170119,9.641996677736964,Ridge ML
1497,52.40137260535779,9.641984367270803,Ridge ML
1498,52.40131795901457,9.641972056804411,Ridge ML
1499,52.40126331267117,9.64195974633825,Ridge ML
1500,52.401208666327776,9.641947435872089,Ridge ML
1501,52.40115401998455,9.641935125405697,Ridge ML
1502,52.40109937364115,9.641922814939536,Ridge ML
1503,52.40104472729793,9.641910504473143,Ridge ML
1504,52.400990080954536,9.641898194006982,Ridge ML
1505,52.400935434611135,9.641885883540821,Ridge ML
1506,52.40088078826791,9.64187357307443,Ridge ML
1507,52.40082614192452,9.641861262608268,Ridge ML
1508,52.40077149558129,9.641848952141876,Ridge ML
1509,52.400716849237895,9.641836641675715,Ridge ML
1510,52.4006622028945,9.641824331209554,Ridge ML
1511,52.40060755655127,9.641812020743162,Ridge ML
1512,52.40055291020788,9.641799710277,Ridge ML
1513,52.400498263864655,9.641787399810609,Ridge ML
1514,52.400443617521255,9.641775089344447,Ridge ML
1515,52.40038897117786,9.641762778878284,Ridge ML
1516,52.40033432483464,9.641750468411894,Ridge ML
1517,52.40027967849124,9.641738157945733,Ridge ML
1518,52.400225032148015,9.641725847479341,Ridge ML
1519,52.40017038580462,9.64171353701318,Ridge ML
1520,52.40011573946122,9.641701226547017,Ridge ML
1521,52.400061093118,9.641688916080627,Ridge ML
1522,52.4000064467746,9.641676605614464,Ridge ML
1523,52.399951800431374,9.641664295148074,Ridge ML
1524,52.39989715408798,9.641651984681912,Ridge ML
1525,52.39984250774458,9.64163967421575,Ridge ML
1526,52.39978786140136,9.64162736374936,Ridge ML
1527,52.399733215057964,9.641615053283196,Ridge ML
1528,52.39967856871474,9.641602742816806,Ridge ML
1529,52.39962392237134,9.641590432350643,Ridge ML
1530,52.39956927602795,9.641578121884482,Ridge ML
1531,52.39951462968472,9.64156581141809,Ridge ML
1532,52.39945998334132,9.641553500951929,Ridge ML
1533,52.39940533699792,9.641541190485768,Ridge ML
1534,52.3993506906547,9.641528880019376,Ridge ML
1535,52.399296044311306,9.641516569553215,Ridge ML
1536,52.39924139796808,9.641504259086823,Ridge ML
1537,52.39918675162468,9.641491948620661,Ridge ML
1538,52.39913210528129,9.6414796381545,Ridge ML
1539,52.399077458938066,9.641467327688108,Ridge ML
1540,52.399022812594666,9.641455017221947,Ridge ML
1541,52.39896816625144,9.641442706755555,Ridge ML
1542,52.39891351990804,9.641430396289394,Ridge ML
1543,52.39885887356465,9.641418085823233,Ridge ML
1544,52.398804227221426,9.64140577535684,Ridge ML
1545,52.398749580878025,9.64139346489068,Ridge ML
1546,52.3986949345348,9.641381154424288,Ridge ML
1547,52.39864028819141,9.641368843958126,Ridge ML
1548,52.39858564184801,9.641356533491965,Ridge ML
1549,52.398530995504785,9.641344223025573,Ridge ML
1550,52.39847634916139,9.641331912559412,Ridge ML
1551,52.39842170281816,9.64131960209302,Ridge ML
1552,52.39836705647477,9.641307291626859,Ridge ML
1553,52.398312410131375,9.641294981160698,Ridge ML
1554,52.398257763788145,9.641282670694306,Ridge ML
1555,52.39820311744475,9.641270360228145,Ridge ML
1556,52.39814847110153,9.641258049761753,Ridge ML
1557,52.39809382475813,9.641245739295591,Ridge ML
1558,52.398039178414734,9.64123342882943,Ridge ML
1559,52.39798453207151,9.641221118363038,Ridge ML
1560,52.39792988572811,9.641208807896877,Ridge ML
1561,52.39787523938489,9.641196497430485,Ridge ML
1562,52.397820593041494,9.641184186964324,Ridge ML
1563,52.397765946698094,9.641171876498163,Ridge ML
1564,52.39771130035487,9.64115956603177,Ridge ML
1565,52.39765665401147,9.64114725556561,Ridge ML
1566,52.39760200766825,9.641134945099218,Ridge ML
1567,52.397547361324854,9.641122634633057,Ridge ML
1568,52.39749271498145,9.641110324166895,Ridge ML
1569,52.39743806863823,9.641098013700503,Ridge ML
1570,52.39738342229484,9.641085703234342,Ridge ML
1571,52.397328775951614,9.64107339276795,Ridge ML
1572,52.39727412960821,9.641061082301789,Ridge ML
1573,52.39721948326482,9.641048771835626,Ridge ML
1574,52.39716483692159,9.641036461369236,Ridge ML
1575,52.397110190578196,9.641024150903073,Ridge ML
1576,52.39705554423497,9.641011840436683,Ridge ML
1577,52.39700089789157,9.640999529970522,Ridge ML
1578,52.39694625154818,9.640987219504359,Ridge ML
1579,52.39689160520496,9.640974909037968,Ridge ML
1580,52.396836958861556,9.640962598571805,Ridge ML
1581,52.39678231251816,9.640950288105644,Ridge ML
1582,52.39672766617494,9.640937977639252,Ridge ML
1583,52.39667301983154,9.640925667173091,Ridge ML
1584,52.396618373488316,9.6409133567067,Ridge ML
1585,52.39656372714492,9.640901046240538,Ridge ML
1586,52.39650908080152,9.640888735774377,Ridge ML
1587,52.3964544344583,9.640876425307985,Ridge ML
1588,52.3963997881149,9.640864114841824,Ridge ML
1589,52.396345141771675,9.640851804375432,Ridge ML
1590,52.39629049542828,9.64083949390927,Ridge ML
1591,52.39623584908488,9.64082718344311,Ridge ML
1592,52.39618120274166,9.640814872976717,Ridge ML
1593,52.396126556398265,9.640802562510556,Ridge ML
1594,52.39607191005504,9.640790252044164,Ridge ML
1595,52.39601726371164,9.640777941578003,Ridge ML
1596,52.39596261736825,9.640765631111842,Ridge ML
1597,52.39590797102502,9.64075332064545,Ridge ML
1598,52.395853324681624,9.640741010179289,Ridge ML
1599,52.3957986783384,9.640728699712897,Ridge ML
1600,52.395744031995,9.640716389246736,Ridge ML
1601,52.39568938565161,9.640704078780574,Ridge ML
1602,52.395634739308385,9.640691768314182,Ridge ML
1603,52.395580092964984,9.640679457848021,Ridge ML
1604,52.39552544662176,9.64066714738163,Ridge ML
1605,52.39547080027837,9.640654836915468,Ridge ML
1606,52.39541615393497,9.640642526449307,Ridge ML
1607,52.395361507591744,9.640630215982915,Ridge ML
1608,52.39530686124834,9.640617905516754,Ridge ML
1609,52.39525221490512,9.640605595050362,Ridge ML
1610,52.39519756856173,9.6405932845842,Ridge ML
1611,52.39514292221833,9.64058097411804,Ridge ML
1612,52.3950882758751,9.640568663651647,Ridge ML
1613,52.39503362953171,9.640556353185486,Ridge ML
1614,52.39497898318849,9.640544042719094,Ridge ML
1615,52.39492433684509,9.640531732252933,Ridge ML
1616,52.39486969050169,9.640519421786772,Ridge ML
1617,52.39481504415846,9.64050711132038,Ridge ML
1618,52.39476039781507,9.640494800854219,Ridge ML
1619,52.39470575147185,9.640482490387827,Ridge ML
1620,52.394651105128446,9.640470179921666,Ridge ML
1621,52.39459645878505,9.640457869455505,Ridge ML
1622,52.39454181244183,9.640445558989112,Ridge ML
1623,52.39448716609843,9.640433248522951,Ridge ML
1624,52.394432519755036,9.640420938056788,Ridge ML
1625,52.39437787341181,9.640408627590398,Ridge ML
1626,52.39432322706841,9.640396317124235,Ridge ML
1627,52.39426858072519,9.640384006657845,Ridge ML
1628,52.394213934381796,9.640371696191682,Ridge ML
1629,52.394159288038395,9.640359385725521,Ridge ML
1630,52.39410464169517,9.64034707525913,Ridge ML
1631,52.39404999535177,9.640334764792968,Ridge ML
1632,52.39399534900855,9.640322454326578,Ridge ML
1633,52.393940702665155,9.640310143860415,Ridge ML
1634,52.393886056321755,9.640297833394254,Ridge ML
1635,52.39383140997853,9.640285522927861,Ridge ML
1636,52.39377676363514,9.6402732124617,Ridge ML
1637,52.393722117291915,9.64026090199531,Ridge ML
1638,52.393667470948515,9.640248591529147,Ridge ML
1639,52.39361282460512,9.640236281062986,Ridge ML
1640,52.39355817826189,9.640223970596594,Ridge ML
1641,52.3935035319185,9.640211660130433,Ridge ML
1642,52.393448885575275,9.64019934966404,Ridge ML
1643,52.393394239231874,9.64018703919788,Ridge ML
1644,52.39333959288848,9.640174728731719,Ridge ML
1645,52.39328494654526,9.640162418265326,Ridge ML
1646,52.39323030020186,9.640150107799165,Ridge ML
1647,52.393175653858634,9.640137797332773,Ridge ML
1648,52.39312100751524,9.640125486866612,Ridge ML
1649,52.39306636117184,9.640113176400451,Ridge ML
1650,52.39301171482862,9.640100865934059,Ridge ML
1651,52.39295706848522,9.640088555467898,Ridge ML
1652,52.392902422141994,9.640076245001506,Ridge ML
1653,52.3928477757986,9.640063934535345,Ridge ML
1654,52.3927931294552,9.640051624069184,Ridge ML
1655,52.39273848311198,9.640039313602792,Ridge ML
1656,52.39268383676858,9.64002700313663,Ridge ML
1657,52.39262919042536,9.640014692670238,Ridge ML
1658,52.39257454408196,9.640002382204077,Ridge ML
1659,52.392519897738566,9.639990071737916,Ridge ML
1660,52.392465251395336,9.639977761271524,Ridge ML
1661,52.39241060505194,9.639965450805363,Ridge ML
1662,52.39235595870872,9.63995314033897,Ridge ML
1663,52.39230131236532,9.63994082987281,Ridge ML
1664,52.392246666021926,9.639928519406649,Ridge ML
